[
{
    "model": "sessions.session",
    "pk": "4vni8ytoxlissyms2zm2bvaj2e6wzzby",
    "fields": {
        "session_data": "e30:1oiudF:2FfVD5BmY0DvLHjGJOhWx5z49Q9w9LFrV_XUTqQwukY",
        "expire_date": "2022-10-27T09:36:01.995Z"
    }
},
{
    "model": "sessions.session",
    "pk": "63ec41tfmooulbaofdvv6gua8w15e8uc",
    "fields": {
        "session_data": "e30:1oQPtj:_he8uLhQfA2qWVPrSv9F6yn54OAF3UOjzKYLPKALLIw",
        "expire_date": "2022-09-06T09:08:35.933Z"
    }
},
{
    "model": "sessions.session",
    "pk": "7xiv80kybx8j9aojzaett03c8u6gwob3",
    "fields": {
        "session_data": "e30:1oag6W:ao2DhdSXAxZr1aOB33eG6T8isn7xzfYegwbkXKwVew0",
        "expire_date": "2022-10-04T16:28:12.552Z"
    }
},
{
    "model": "sessions.session",
    "pk": "87icksm0fu2j9cwb64zff2l7fpd2qaam",
    "fields": {
        "session_data": ".eJxVjDsOwyAQBe9CHSGbPynT-wxoYZfgJALJ2FWUu0dILpL2zcx7swDHXsLRaQsrsiub2eV3i5CeVAfAB9R746nVfVsjHwo_aedLQ3rdTvfvoEAvo9aJtLZIwiqHxnkRiaI0YCDiLHKWU54MeisyepRks_KoNaCNoBQ59vkCBFY43g:1ob6bT:GMKIWg-uG7Nf0705LL3XqTqh7wf6q5xGs9jTRETqAKw",
        "expire_date": "2022-10-05T20:45:55.116Z"
    }
},
{
    "model": "sessions.session",
    "pk": "8gxbc1jvz6nwtqdeu9zz3lc4ijga9t2w",
    "fields": {
        "session_data": "e30:1oQPqk:xJ4BoVlZGCgYInUAZVWYkjzZruMm7l60LYf3ALPRcAQ",
        "expire_date": "2022-09-06T09:05:30.192Z"
    }
},
{
    "model": "sessions.session",
    "pk": "9dcq6qj8di951rolmr0rp0ripjibotkm",
    "fields": {
        "session_data": "e30:1oQuC8:eWfhs1NFG1z-MGgYF7hkWjXq-9BJ47cVk7nexdIkPxg",
        "expire_date": "2022-09-07T17:29:36.684Z"
    }
},
{
    "model": "sessions.session",
    "pk": "bjj1gpbsze5z3okzaczd23ydvevj1bbz",
    "fields": {
        "session_data": "e30:1oQPoL:ST9WsRVNapsYifUk3-ymSz0qsyCjdzTOcd_Y3iDfkQY",
        "expire_date": "2022-09-06T09:03:01.845Z"
    }
},
{
    "model": "sessions.session",
    "pk": "dlys0o9nwdc49agliq5l5qfrale11g00",
    "fields": {
        "session_data": "e30:1oTTXc:WFH3u2zvP7lE6N7y_4j5qtWoVGKu_xdkRsw0neEbQ9E",
        "expire_date": "2022-09-14T19:38:24.286Z"
    }
},
{
    "model": "sessions.session",
    "pk": "h3dwdxdalt0m0ee0x2cebyvn9x6lwdwy",
    "fields": {
        "session_data": "e30:1oQtQ8:7SSy5SFdrWz7XuRJHLifpnC8S0BOoFcFpizNdp0bM4Y",
        "expire_date": "2022-09-07T16:40:00.046Z"
    }
},
{
    "model": "sessions.session",
    "pk": "luqpe9rp1q50jqkmh2cgab98md4eotjq",
    "fields": {
        "session_data": ".eJxVjDsOwyAQBe9CHSGbPynT-wxoYZfgJALJ2FWUu0dILpL2zcx7swDHXsLRaQsrsiub2eV3i5CeVAfAB9R746nVfVsjHwo_aedLQ3rdTvfvoEAvo9aJtLZIwiqHxnkRiaI0YCDiLHKWU54MeisyepRks_KoNaCNoBQ59vkCBFY43g:1oZrXP:aDA0I2iR6LEkQa4_MBB-DMJFqxubu4wCI33FQ9mqxPM",
        "expire_date": "2022-10-02T10:28:35.050Z"
    }
},
{
    "model": "sessions.session",
    "pk": "n97hvbp14tuq9ugs5kbbvmp5hprnqsik",
    "fields": {
        "session_data": "e30:1oQPl7:LUPSbvRVzMiz7b2e1yECKvAjj4zEUtLOElZSEHZclFQ",
        "expire_date": "2022-09-06T08:59:41.042Z"
    }
},
{
    "model": "sessions.session",
    "pk": "o45utyxk3p7ucm9uk1qk7d2t8oti9aw4",
    "fields": {
        "session_data": ".eJxVjEEOwiAQRe_C2hCGFgou3XsGMsyAVA0kpV0Z765NutDtf-_9lwi4rSVsPS1hZnEWWonT7xiRHqnuhO9Yb01Sq-syR7kr8qBdXhun5-Vw_w4K9vKtwRljrbZK5Txlz-R1itFmPSiyIw3OAHhDBM7GARiQnKGETJPJ7Nwo3h_z9jgO:1oah0E:-ZaI-iPMkIbPTd1nHFxht3r_T90wXq5frreMB6txoo0",
        "expire_date": "2022-10-04T17:25:46.431Z"
    }
},
{
    "model": "sessions.session",
    "pk": "tw56kab1yo0odlolkbmhh06jxa1r1jm2",
    "fields": {
        "session_data": ".eJxVjEEOwiAQRe_C2hCGFgou3XsGMsyAVA0kpV0Z765NutDtf-_9lwi4rSVsPS1hZnEWWonT7xiRHqnuhO9Yb01Sq-syR7kr8qBdXhun5-Vw_w4K9vKtwRljrbZK5Txlz-R1itFmPSiyIw3OAHhDBM7GARiQnKGETJPJ7Nwo3h_z9jgO:1obRo7:9siIabkVsHUVcHRAKYbjCsWNbF_cexX1V7CDjbsxWgY",
        "expire_date": "2022-10-06T19:24:23.393Z"
    }
},
{
    "model": "sessions.session",
    "pk": "wdgc5fjsxdwm9hbrkhafa1zpdddsazbx",
    "fields": {
        "session_data": ".eJxVjEEOwiAQRe_C2hCGFgou3XsGMsyAVA0kpV0Z765NutDtf-_9lwi4rSVsPS1hZnEWWonT7xiRHqnuhO9Yb01Sq-syR7kr8qBdXhun5-Vw_w4K9vKtwRljrbZK5Txlz-R1itFmPSiyIw3OAHhDBM7GARiQnKGETJPJ7Nwo3h_z9jgO:1oaf8P:ZmgyJdImjspOy1eIqWZAxkIPeKj25Y3dCawfyMeO_dw",
        "expire_date": "2022-10-04T15:26:05.929Z"
    }
},
{
    "model": "accounts.account",
    "fields": {
        "password": "pbkdf2_sha256$216000$FdRGnHnUj5MZ$oGNK+iJy0nbKD44nCR0jYhpYsTSDEOkKpO0xM5nPgYY=",
        "first_name": "suraj",
        "last_name": "kumar",
        "username": "suraj",
        "email": "surajksingh2009@gmail.com",
        "phone_number": "",
        "date_joined": "2022-08-09T10:13:12.370Z",
        "last_login": "2022-09-21T20:45:55.115Z",
        "is_admin": true,
        "is_staff": true,
        "is_active": true,
        "is_superadmin": true
    }
},
{
    "model": "accounts.account",
    "fields": {
        "password": "pbkdf2_sha256$216000$d7HNP6PJdcwo$sfwbsqMkPE0E6j8+PkkSQo8x7MxefmIk7e76MaD3AYk=",
        "first_name": "amit",
        "last_name": "kumar",
        "username": "amit",
        "email": "amit@gmail.com",
        "phone_number": "9090909090",
        "date_joined": "2022-08-09T14:00:37.247Z",
        "last_login": "2022-08-09T14:00:37.247Z",
        "is_admin": false,
        "is_staff": false,
        "is_active": false,
        "is_superadmin": false
    }
},
{
    "model": "accounts.account",
    "fields": {
        "password": "pbkdf2_sha256$216000$aD8rOuIZRjG1$cGrhzoNA7+irxsSTlfOZerc/IVSTxjxCmR55t/t1+CI=",
        "first_name": "rajeev",
        "last_name": "kumar",
        "username": "rajeev",
        "email": "rajeev@gmail.com",
        "phone_number": "7878787878",
        "date_joined": "2022-08-09T14:28:58.557Z",
        "last_login": "2022-08-09T14:28:58.557Z",
        "is_admin": false,
        "is_staff": false,
        "is_active": false,
        "is_superadmin": false
    }
},
{
    "model": "accounts.account",
    "fields": {
        "password": "pbkdf2_sha256$216000$XiPrYdLVWtR1$DeZMj1zVjT5FcsEWHQcl7yxp0bXQpgBBlWqeNywEZeQ=",
        "first_name": "jyoti",
        "last_name": "anand",
        "username": "jyoti",
        "email": "jyoti@gmail.com",
        "phone_number": "9999999999",
        "date_joined": "2022-08-09T14:35:46.355Z",
        "last_login": "2022-08-09T14:35:46.355Z",
        "is_admin": false,
        "is_staff": false,
        "is_active": false,
        "is_superadmin": false
    }
},
{
    "model": "accounts.account",
    "fields": {
        "password": "pbkdf2_sha256$216000$h240afCSRqvl$r8Patcb/ltCu9xsfwcShpnP8xe3fojNfXBa6GqkjrU0=",
        "first_name": "ami",
        "last_name": "asdf",
        "username": "sdlf",
        "email": "sdlf@gmail.com",
        "phone_number": "888888888",
        "date_joined": "2022-08-09T14:36:36.659Z",
        "last_login": "2022-08-09T14:36:36.660Z",
        "is_admin": false,
        "is_staff": false,
        "is_active": false,
        "is_superadmin": false
    }
},
{
    "model": "accounts.account",
    "fields": {
        "password": "pbkdf2_sha256$216000$gHtoRgYd3Hjf$m4RLAhIqjgOxHjn98UtNd6DLIWSWq2AGxHva3HGs91I=",
        "first_name": "tamim",
        "last_name": "K",
        "username": "tamim",
        "email": "tamim@gmail.com",
        "phone_number": "888888888",
        "date_joined": "2022-08-09T14:37:20.920Z",
        "last_login": "2022-08-09T14:37:20.920Z",
        "is_admin": false,
        "is_staff": false,
        "is_active": false,
        "is_superadmin": false
    }
},
{
    "model": "accounts.account",
    "fields": {
        "password": "pbkdf2_sha256$216000$UdrchtaiVZlY$ehURV8uN7xsAwTNtesMkutb+OKI2QJdceaDhtUn10d8=",
        "first_name": "kavi",
        "last_name": "k",
        "username": "kavi",
        "email": "kavi@gmail.com",
        "phone_number": "8888888888",
        "date_joined": "2022-08-09T14:38:58.642Z",
        "last_login": "2022-08-09T14:38:58.642Z",
        "is_admin": false,
        "is_staff": false,
        "is_active": false,
        "is_superadmin": false
    }
},
{
    "model": "accounts.account",
    "fields": {
        "password": "pbkdf2_sha256$216000$HzhqTNXHpeFO$21OIPL/a5fkmAJNjVS9ybXJ1y9LVe/1rinMUsuWCPtA=",
        "first_name": "abhinav",
        "last_name": "K",
        "username": "abhinav",
        "email": "abhinav@gmail.com",
        "phone_number": "2323232323",
        "date_joined": "2022-08-09T14:40:26.628Z",
        "last_login": "2022-08-09T14:40:26.628Z",
        "is_admin": false,
        "is_staff": false,
        "is_active": false,
        "is_superadmin": false
    }
},
{
    "model": "accounts.account",
    "fields": {
        "password": "pbkdf2_sha256$216000$zPYSkE38HRZ6$U04aqzmr/NpoXPafuwJg6F2YZX0rpTEJYa4gp7aD0eQ=",
        "first_name": "user",
        "last_name": "k",
        "username": "user",
        "email": "user@gmail.com",
        "phone_number": "9999999999",
        "date_joined": "2022-08-09T15:11:29.871Z",
        "last_login": "2022-08-09T15:11:29.871Z",
        "is_admin": false,
        "is_staff": false,
        "is_active": false,
        "is_superadmin": false
    }
},
{
    "model": "accounts.account",
    "fields": {
        "password": "pbkdf2_sha256$216000$qwvsQr5clZnS$U5hDh4AzETxgT1yJqj5AIeinvwGMwg+fQ4q0E5/EV9g=",
        "first_name": "raju",
        "last_name": "k",
        "username": "raju",
        "email": "raju@gmail.com",
        "phone_number": "8888888888",
        "date_joined": "2022-08-09T15:17:28.636Z",
        "last_login": "2022-08-09T15:17:28.636Z",
        "is_admin": false,
        "is_staff": false,
        "is_active": false,
        "is_superadmin": false
    }
},
{
    "model": "accounts.account",
    "fields": {
        "password": "pbkdf2_sha256$216000$z5VbvmhHWlrK$5xNWB/I56Dhwy26IPVTF/XmV7vWGAEue/SSrR08bJU0=",
        "first_name": "Anupam",
        "last_name": "k",
        "username": "anupam",
        "email": "anupam@gmail.com",
        "phone_number": "9999999999",
        "date_joined": "2022-08-09T15:28:14.040Z",
        "last_login": "2022-08-09T15:28:14.040Z",
        "is_admin": false,
        "is_staff": false,
        "is_active": true,
        "is_superadmin": false
    }
},
{
    "model": "accounts.account",
    "fields": {
        "password": "pbkdf2_sha256$216000$C264k4t3WVLi$jmywV015dDrTPdNYYcJNncGKa0HIcGFYW/bkJIHI0yQ=",
        "first_name": "abc",
        "last_name": "k",
        "username": "abc1",
        "email": "abc1@gmail.com",
        "phone_number": "1234567890",
        "date_joined": "2022-08-09T15:39:19.758Z",
        "last_login": "2022-08-09T17:15:06.628Z",
        "is_admin": false,
        "is_staff": false,
        "is_active": true,
        "is_superadmin": false
    }
},
{
    "model": "accounts.account",
    "fields": {
        "password": "pbkdf2_sha256$216000$I5r3ORBSnDzG$A8syMKj9CUQpAS9RVW1Ltd6Rn1rqSQbLOzXkruNHEJg=",
        "first_name": "abcd",
        "last_name": "k",
        "username": "abcd",
        "email": "abcd@gmail.com",
        "phone_number": "9999999999",
        "date_joined": "2022-08-09T17:11:03.158Z",
        "last_login": "2022-08-09T17:11:03.158Z",
        "is_admin": false,
        "is_staff": false,
        "is_active": true,
        "is_superadmin": false
    }
},
{
    "model": "accounts.account",
    "fields": {
        "password": "pbkdf2_sha256$216000$pTphDIKIW7ZF$yNUpKIvmome2CFdgMNjuPreGy8bU4IuKRXMESaAoTn4=",
        "first_name": "developer",
        "last_name": "k",
        "username": "developerraft",
        "email": "developerraft@gmail.com",
        "phone_number": "9999999999",
        "date_joined": "2022-08-14T19:49:54.882Z",
        "last_login": "2022-09-22T19:24:23.383Z",
        "is_admin": false,
        "is_staff": false,
        "is_active": true,
        "is_superadmin": false
    }
},
{
    "model": "accounts.account",
    "fields": {
        "password": "!JEu5lGlOPLER9HPq7tthNxC3lfZ3HrQcWjfYMtjg",
        "first_name": "developer",
        "last_name": "k",
        "username": "developer",
        "email": "",
        "phone_number": "",
        "date_joined": "2022-08-21T16:01:58.717Z",
        "last_login": "2022-08-21T16:01:58.717Z",
        "is_admin": false,
        "is_staff": false,
        "is_active": false,
        "is_superadmin": false
    }
},
{
    "model": "accounts.account",
    "fields": {
        "password": "pbkdf2_sha256$216000$fHBPJlS462w2$z++7InY21Fws+mqHkM7nowa3d+5muybOUSDVUKWErT4=",
        "first_name": "sahin",
        "last_name": "k",
        "username": "anupamsachin",
        "email": "anupamsachin@gmail.com",
        "phone_number": "8888888888",
        "date_joined": "2022-08-21T19:09:27.158Z",
        "last_login": "2022-08-21T19:09:27.158Z",
        "is_admin": false,
        "is_staff": false,
        "is_active": false,
        "is_superadmin": false
    }
},
{
    "model": "accounts.userprofile",
    "pk": 2,
    "fields": {
        "user": [
            "amit@gmail.com"
        ],
        "address_line_1": "rzf 197/f st no 19a sadh nagar part 2 palam colony",
        "address_line_2": "",
        "university_name": "Delhi University",
        "course_name": "M-tech",
        "profile_picture": "userpfofile/img_avatar.png",
        "city": "DELHI",
        "state": "DELHI",
        "country": "DELHI"
    }
},
{
    "model": "accounts.userprofile",
    "pk": 3,
    "fields": {
        "user": [
            "developerraft@gmail.com"
        ],
        "address_line_1": "new delhi",
        "address_line_2": "new delhi1",
        "university_name": "Delhi University",
        "course_name": "M-tech",
        "profile_picture": "userpfofile/KentHervey_adJPxHE.png",
        "city": "DELHI",
        "state": "DELHI",
        "country": "india"
    }
},
{
    "model": "accounts.userprofile",
    "pk": 4,
    "fields": {
        "user": [
            "anupamsachin@gmail.com"
        ],
        "address_line_1": "",
        "address_line_2": "",
        "university_name": "",
        "course_name": "",
        "profile_picture": "default/default-user.png",
        "city": "",
        "state": "",
        "country": ""
    }
},
{
    "model": "genre.genre",
    "pk": 1,
    "fields": {
        "genre_name": "Text book",
        "slug": "text-book",
        "description": "this is text book",
        "genre_image": ""
    }
},
{
    "model": "genre.genre",
    "pk": 2,
    "fields": {
        "genre_name": "Programming",
        "slug": "programming",
        "description": "programmin books",
        "genre_image": ""
    }
},
{
    "model": "genre.genre",
    "pk": 3,
    "fields": {
        "genre_name": "Novel",
        "slug": "novel",
        "description": "this is novel books",
        "genre_image": ""
    }
},
{
    "model": "bookstore.book",
    "pk": 1,
    "fields": {
        "book_title": "Database System",
        "slug": "da",
        "description": "abc",
        "author_name": "xyz",
        "publisher_name": "abcd",
        "price": 1,
        "Images": "photos/books/Isaac_Henry.jpg",
        "stock": 90,
        "is_available": true,
        "genre": 1,
        "created_date": "2022-08-14T22:38:24.665Z",
        "modified_date": "2022-09-24T11:48:25.166Z"
    }
},
{
    "model": "bookstore.book",
    "pk": 2,
    "fields": {
        "book_title": "JAVA",
        "slug": "java",
        "description": "This is java book",
        "author_name": "Abc",
        "publisher_name": "abcd",
        "price": 1,
        "Images": "photos/books/Bill_Feeny.png",
        "stock": 0,
        "is_available": true,
        "genre": 2,
        "created_date": "2022-08-20T11:34:34.685Z",
        "modified_date": "2022-08-20T14:17:19.231Z"
    }
},
{
    "model": "bookstore.book",
    "pk": 3,
    "fields": {
        "book_title": "Struts2",
        "slug": "struts2",
        "description": "this is struts book",
        "author_name": "Deepak Shahu",
        "publisher_name": "abcd",
        "price": 1,
        "Images": "photos/books/Mike_Gates.png",
        "stock": 8,
        "is_available": true,
        "genre": 1,
        "created_date": "2022-08-20T11:35:29.052Z",
        "modified_date": "2022-08-20T11:35:29.052Z"
    }
},
{
    "model": "bookstore.book",
    "pk": 4,
    "fields": {
        "book_title": "C",
        "slug": "c",
        "description": "c lanaguage",
        "author_name": "Kanatkar",
        "publisher_name": "Mc",
        "price": 1,
        "Images": "photos/books/Frederick_Santos.png",
        "stock": 4,
        "is_available": true,
        "genre": 1,
        "created_date": "2022-08-20T11:36:14.533Z",
        "modified_date": "2022-08-20T11:36:14.533Z"
    }
},
{
    "model": "bookstore.variation",
    "pk": 9,
    "fields": {
        "book": 1,
        "variation_category": "edition",
        "variation_value": "first",
        "is_active": true,
        "created_date": "2022-08-24T14:50:59.104Z"
    }
},
{
    "model": "bookstore.variation",
    "pk": 10,
    "fields": {
        "book": 1,
        "variation_category": "type",
        "variation_value": "digital",
        "is_active": true,
        "created_date": "2022-08-24T14:52:11.040Z"
    }
},
{
    "model": "bookstore.variation",
    "pk": 11,
    "fields": {
        "book": 1,
        "variation_category": "edition",
        "variation_value": "second",
        "is_active": true,
        "created_date": "2022-08-24T14:51:27.076Z"
    }
},
{
    "model": "bookstore.variation",
    "pk": 12,
    "fields": {
        "book": 1,
        "variation_category": "type",
        "variation_value": "paper",
        "is_active": true,
        "created_date": "2022-08-24T14:51:42.865Z"
    }
},
{
    "model": "bookstore.variation",
    "pk": 13,
    "fields": {
        "book": 4,
        "variation_category": "edition",
        "variation_value": "latest",
        "is_active": true,
        "created_date": "2022-08-24T20:30:42.390Z"
    }
},
{
    "model": "bookstore.variation",
    "pk": 14,
    "fields": {
        "book": 4,
        "variation_category": "type",
        "variation_value": "Digital",
        "is_active": true,
        "created_date": "2022-08-24T20:31:11.661Z"
    }
},
{
    "model": "carts.cart",
    "pk": 58,
    "fields": {
        "cart_id": "zori7rtzrk98t0zthjj3n0r70e4l59pp",
        "date_added": "2022-09-22"
    }
},
{
    "model": "carts.cartitem",
    "pk": 120,
    "fields": {
        "user": [
            "developerraft@gmail.com"
        ],
        "book": 1,
        "cart": null,
        "quantity": 1,
        "is_active": true,
        "variations": [
            9,
            10
        ]
    }
},
{
    "model": "bookloan.bookloan",
    "pk": 8,
    "fields": {
        "user": [
            "developerraft@gmail.com"
        ],
        "bookloan_number": "202209208",
        "first_name": "suraj",
        "last_name": "kumar",
        "phone": "8888888888",
        "email": "suraj@gmail.com",
        "bookloan_note": "h",
        "status": "New",
        "ip": "127.0.0.1",
        "is_bookloan": true,
        "is_paid": false,
        "is_returned": true,
        "late_charge": 0,
        "actual_return_date": "2022-09-20T10:00:03.194Z",
        "remaining_days": 9,
        "return_date": "2022-09-30T00:00:00Z",
        "created_at": "2022-09-20T09:56:24.114Z",
        "updated_at": "2022-09-20T09:56:24.114Z"
    }
},
{
    "model": "bookloan.bookloan",
    "pk": 9,
    "fields": {
        "user": [
            "developerraft@gmail.com"
        ],
        "bookloan_number": "202209229",
        "first_name": "suraj",
        "last_name": "kumar",
        "phone": "08888888888",
        "email": "suraj@gmail.com",
        "bookloan_note": "abc",
        "status": "New",
        "ip": "127.0.0.1",
        "is_bookloan": true,
        "is_paid": true,
        "is_returned": true,
        "late_charge": 9,
        "actual_return_date": "2022-09-23T00:00:00Z",
        "remaining_days": 9,
        "return_date": "2022-10-02T00:00:00Z",
        "created_at": "2022-09-22T00:15:45.783Z",
        "updated_at": "2022-09-22T00:15:45.783Z"
    }
},
{
    "model": "bookloan.bookloan",
    "pk": 10,
    "fields": {
        "user": [
            "developerraft@gmail.com"
        ],
        "bookloan_number": "2022092210",
        "first_name": "suraj",
        "last_name": "kumar",
        "phone": "08888888888",
        "email": "suraj@gmail.com",
        "bookloan_note": "n",
        "status": "New",
        "ip": "127.0.0.1",
        "is_bookloan": false,
        "is_paid": false,
        "is_returned": false,
        "late_charge": 0,
        "actual_return_date": null,
        "remaining_days": 0,
        "return_date": "2022-10-02T00:00:00Z",
        "created_at": "2022-09-22T00:18:25.419Z",
        "updated_at": "2022-09-22T00:18:25.419Z"
    }
},
{
    "model": "bookloan.bookloan",
    "pk": 11,
    "fields": {
        "user": [
            "developerraft@gmail.com"
        ],
        "bookloan_number": "2022092211",
        "first_name": "suraj",
        "last_name": "kumar",
        "phone": "08888888888",
        "email": "suraj@gmail.com",
        "bookloan_note": "n",
        "status": "New",
        "ip": "127.0.0.1",
        "is_bookloan": false,
        "is_paid": false,
        "is_returned": false,
        "late_charge": 0,
        "actual_return_date": null,
        "remaining_days": 0,
        "return_date": "2022-10-02T00:00:00Z",
        "created_at": "2022-09-22T00:25:53.307Z",
        "updated_at": "2022-09-22T00:25:53.307Z"
    }
},
{
    "model": "bookloan.bookloan",
    "pk": 12,
    "fields": {
        "user": [
            "developerraft@gmail.com"
        ],
        "bookloan_number": "2022092212",
        "first_name": "suraj",
        "last_name": "kumar",
        "phone": "08888888888",
        "email": "suraj@gmail.com",
        "bookloan_note": "n",
        "status": "New",
        "ip": "127.0.0.1",
        "is_bookloan": false,
        "is_paid": false,
        "is_returned": false,
        "late_charge": 0,
        "actual_return_date": null,
        "remaining_days": 0,
        "return_date": "2022-10-02T00:00:00Z",
        "created_at": "2022-09-22T00:26:27.560Z",
        "updated_at": "2022-09-22T00:26:27.560Z"
    }
},
{
    "model": "bookloan.bookloan",
    "pk": 13,
    "fields": {
        "user": [
            "developerraft@gmail.com"
        ],
        "bookloan_number": "2022092213",
        "first_name": "suraj",
        "last_name": "kumar",
        "phone": "08888888888",
        "email": "suraj@gmail.com",
        "bookloan_note": "n",
        "status": "New",
        "ip": "127.0.0.1",
        "is_bookloan": false,
        "is_paid": false,
        "is_returned": false,
        "late_charge": 0,
        "actual_return_date": null,
        "remaining_days": 0,
        "return_date": "2022-10-02T00:00:00Z",
        "created_at": "2022-09-22T00:26:54.900Z",
        "updated_at": "2022-09-22T00:26:54.900Z"
    }
},
{
    "model": "bookloan.bookloan",
    "pk": 14,
    "fields": {
        "user": [
            "developerraft@gmail.com"
        ],
        "bookloan_number": "2022092214",
        "first_name": "suraj",
        "last_name": "kumar",
        "phone": "08888888888",
        "email": "suraj@gmail.com",
        "bookloan_note": "n",
        "status": "New",
        "ip": "127.0.0.1",
        "is_bookloan": false,
        "is_paid": false,
        "is_returned": false,
        "late_charge": 0,
        "actual_return_date": null,
        "remaining_days": 0,
        "return_date": "2022-10-02T00:00:00Z",
        "created_at": "2022-09-22T00:27:43.279Z",
        "updated_at": "2022-09-22T00:27:43.279Z"
    }
},
{
    "model": "bookloan.bookloan",
    "pk": 15,
    "fields": {
        "user": [
            "developerraft@gmail.com"
        ],
        "bookloan_number": "2022092215",
        "first_name": "suraj",
        "last_name": "kumar",
        "phone": "08888888888",
        "email": "suraj@gmail.com",
        "bookloan_note": "n",
        "status": "New",
        "ip": "127.0.0.1",
        "is_bookloan": false,
        "is_paid": false,
        "is_returned": false,
        "late_charge": 0,
        "actual_return_date": null,
        "remaining_days": 0,
        "return_date": "2022-10-02T00:00:00Z",
        "created_at": "2022-09-22T00:28:49.805Z",
        "updated_at": "2022-09-22T00:28:49.805Z"
    }
},
{
    "model": "bookloan.bookloan",
    "pk": 16,
    "fields": {
        "user": [
            "developerraft@gmail.com"
        ],
        "bookloan_number": "2022092216",
        "first_name": "suraj",
        "last_name": "kumar",
        "phone": "08888888888",
        "email": "suraj@gmail.com",
        "bookloan_note": "n",
        "status": "New",
        "ip": "127.0.0.1",
        "is_bookloan": false,
        "is_paid": false,
        "is_returned": false,
        "late_charge": 0,
        "actual_return_date": null,
        "remaining_days": 0,
        "return_date": "2022-10-02T00:00:00Z",
        "created_at": "2022-09-22T00:29:14.882Z",
        "updated_at": "2022-09-22T00:29:14.882Z"
    }
},
{
    "model": "bookloan.bookloan",
    "pk": 17,
    "fields": {
        "user": [
            "developerraft@gmail.com"
        ],
        "bookloan_number": "2022092217",
        "first_name": "suraj",
        "last_name": "kumar",
        "phone": "08888888888",
        "email": "suraj@gmail.com",
        "bookloan_note": "n",
        "status": "New",
        "ip": "127.0.0.1",
        "is_bookloan": true,
        "is_paid": true,
        "is_returned": true,
        "late_charge": 9,
        "actual_return_date": "2022-09-22T00:00:00Z",
        "remaining_days": 9,
        "return_date": "2022-10-02T00:00:00Z",
        "created_at": "2022-09-22T00:30:08.205Z",
        "updated_at": "2022-09-22T00:30:08.205Z"
    }
},
{
    "model": "bookloan.bookloan",
    "pk": 18,
    "fields": {
        "user": [
            "developerraft@gmail.com"
        ],
        "bookloan_number": "2022092318",
        "first_name": "rahul",
        "last_name": "kumar",
        "phone": "9999999999",
        "email": "rahul@gmail.com",
        "bookloan_note": "taking book loan",
        "status": "New",
        "ip": "127.0.0.1",
        "is_bookloan": true,
        "is_paid": false,
        "is_returned": true,
        "late_charge": 0,
        "actual_return_date": "2022-09-22T19:52:56.104Z",
        "remaining_days": 10,
        "return_date": "2022-10-03T00:00:00Z",
        "created_at": "2022-09-22T19:26:49.074Z",
        "updated_at": "2022-09-22T19:26:49.074Z"
    }
},
{
    "model": "bookloan.bookloan",
    "pk": 19,
    "fields": {
        "user": [
            "developerraft@gmail.com"
        ],
        "bookloan_number": "2022092319",
        "first_name": "suraj",
        "last_name": "kumar",
        "phone": "08888888888",
        "email": "suraj@gmail.com",
        "bookloan_note": "avx",
        "status": "New",
        "ip": "127.0.0.1",
        "is_bookloan": true,
        "is_paid": false,
        "is_returned": false,
        "late_charge": 0,
        "actual_return_date": null,
        "remaining_days": 5,
        "return_date": "2022-10-03T00:00:00Z",
        "created_at": "2022-09-22T19:49:10.851Z",
        "updated_at": "2022-09-22T19:49:10.851Z"
    }
},
{
    "model": "bookloan.bookloan",
    "pk": 20,
    "fields": {
        "user": [
            "developerraft@gmail.com"
        ],
        "bookloan_number": "2022092420",
        "first_name": "rahul",
        "last_name": "kumar",
        "phone": "9999999999",
        "email": "rahul@gmail.com",
        "bookloan_note": "abc",
        "status": "New",
        "ip": "127.0.0.1",
        "is_bookloan": true,
        "is_paid": false,
        "is_returned": false,
        "late_charge": 0,
        "actual_return_date": null,
        "remaining_days": 6,
        "return_date": "2022-10-04T00:00:00Z",
        "created_at": "2022-09-24T11:48:20.992Z",
        "updated_at": "2022-09-24T11:48:20.992Z"
    }
},
{
    "model": "bookloan.bookloan",
    "pk": 21,
    "fields": {
        "user": [
            "developerraft@gmail.com"
        ],
        "bookloan_number": "2022092721",
        "first_name": "rahul",
        "last_name": "kumar",
        "phone": "9999999999",
        "email": "rahul@gmail.com",
        "bookloan_note": "sdd",
        "status": "New",
        "ip": "127.0.0.1",
        "is_bookloan": false,
        "is_paid": false,
        "is_returned": false,
        "late_charge": 0,
        "actual_return_date": null,
        "remaining_days": 0,
        "return_date": "2022-10-07T00:00:00Z",
        "created_at": "2022-09-27T16:44:32.502Z",
        "updated_at": "2022-09-27T16:44:32.502Z"
    }
},
{
    "model": "bookloan.bookloanbook",
    "pk": 30,
    "fields": {
        "bookloan": 8,
        "user": [
            "developerraft@gmail.com"
        ],
        "book": 1,
        "quantity": 1,
        "is_bookloan": false,
        "bookloandone": true,
        "created_at": "2022-09-20T09:56:31.418Z",
        "updated_at": "2022-09-20T09:56:31.418Z",
        "variations": [
            9,
            10
        ]
    }
},
{
    "model": "bookloan.bookloanbook",
    "pk": 31,
    "fields": {
        "bookloan": 9,
        "user": [
            "developerraft@gmail.com"
        ],
        "book": 1,
        "quantity": 1,
        "is_bookloan": false,
        "bookloandone": true,
        "created_at": "2022-09-22T00:16:04.296Z",
        "updated_at": "2022-09-22T00:16:04.296Z",
        "variations": [
            9,
            10
        ]
    }
},
{
    "model": "bookloan.bookloanbook",
    "pk": 32,
    "fields": {
        "bookloan": 17,
        "user": [
            "developerraft@gmail.com"
        ],
        "book": 1,
        "quantity": 1,
        "is_bookloan": false,
        "bookloandone": true,
        "created_at": "2022-09-22T00:30:12.164Z",
        "updated_at": "2022-09-22T00:30:12.164Z",
        "variations": [
            9,
            10
        ]
    }
},
{
    "model": "bookloan.bookloanbook",
    "pk": 33,
    "fields": {
        "bookloan": 18,
        "user": [
            "developerraft@gmail.com"
        ],
        "book": 1,
        "quantity": 1,
        "is_bookloan": false,
        "bookloandone": true,
        "created_at": "2022-09-22T19:27:09.009Z",
        "updated_at": "2022-09-22T19:27:09.009Z",
        "variations": [
            9,
            12
        ]
    }
},
{
    "model": "bookloan.bookloanbook",
    "pk": 34,
    "fields": {
        "bookloan": 19,
        "user": [
            "developerraft@gmail.com"
        ],
        "book": 1,
        "quantity": 1,
        "is_bookloan": false,
        "bookloandone": true,
        "created_at": "2022-09-22T19:49:12.927Z",
        "updated_at": "2022-09-22T19:49:12.927Z",
        "variations": [
            9,
            10
        ]
    }
},
{
    "model": "bookloan.bookloanbook",
    "pk": 35,
    "fields": {
        "bookloan": 20,
        "user": [
            "developerraft@gmail.com"
        ],
        "book": 1,
        "quantity": 1,
        "is_bookloan": false,
        "bookloandone": true,
        "created_at": "2022-09-24T11:48:25.144Z",
        "updated_at": "2022-09-24T11:48:25.144Z",
        "variations": [
            9,
            10
        ]
    }
},
{
    "model": "bookloan.payment",
    "pk": 8,
    "fields": {
        "user": [
            "developerraft@gmail.com"
        ],
        "payment_id": "9WF245239G237392A",
        "bookloan_id": "2022092217",
        "payment_method": "PayPal",
        "amount_paid": "9",
        "status": "COMPLETED",
        "created_at": "2022-09-22T00:42:38.096Z"
    }
},
{
    "model": "bookloan.payment",
    "pk": 9,
    "fields": {
        "user": [
            "developerraft@gmail.com"
        ],
        "payment_id": "1SY706783A3536058",
        "bookloan_id": "202209229",
        "payment_method": "PayPal",
        "amount_paid": "9",
        "status": "COMPLETED",
        "created_at": "2022-09-22T19:31:33.656Z"
    }
},
{
    "model": "admin.logentry",
    "pk": 1,
    "fields": {
        "action_time": "2022-08-09T15:31:53.164Z",
        "user": [
            "surajksingh2009@gmail.com"
        ],
        "content_type": [
            "accounts",
            "account"
        ],
        "object_id": "11",
        "object_repr": "anupam@gmail.com",
        "action_flag": 2,
        "change_message": "[{\"changed\": {\"fields\": [\"Is active\"]}}]"
    }
},
{
    "model": "admin.logentry",
    "pk": 2,
    "fields": {
        "action_time": "2022-08-09T15:40:08.415Z",
        "user": [
            "surajksingh2009@gmail.com"
        ],
        "content_type": [
            "accounts",
            "account"
        ],
        "object_id": "12",
        "object_repr": "abc1@gmail.com",
        "action_flag": 2,
        "change_message": "[{\"changed\": {\"fields\": [\"Is active\"]}}]"
    }
},
{
    "model": "admin.logentry",
    "pk": 3,
    "fields": {
        "action_time": "2022-08-09T17:13:31.961Z",
        "user": [
            "surajksingh2009@gmail.com"
        ],
        "content_type": [
            "accounts",
            "account"
        ],
        "object_id": "13",
        "object_repr": "abcd@gmail.com",
        "action_flag": 2,
        "change_message": "[{\"changed\": {\"fields\": [\"Is active\"]}}]"
    }
},
{
    "model": "admin.logentry",
    "pk": 4,
    "fields": {
        "action_time": "2022-08-14T09:51:21.796Z",
        "user": [
            "surajksingh2009@gmail.com"
        ],
        "content_type": [
            "accounts",
            "account"
        ],
        "object_id": "14",
        "object_repr": "developerraft@gmail.com",
        "action_flag": 3,
        "change_message": ""
    }
},
{
    "model": "admin.logentry",
    "pk": 5,
    "fields": {
        "action_time": "2022-08-14T10:16:31.454Z",
        "user": [
            "surajksingh2009@gmail.com"
        ],
        "content_type": [
            "accounts",
            "account"
        ],
        "object_id": "15",
        "object_repr": "developerraft@gmail.com",
        "action_flag": 3,
        "change_message": ""
    }
},
{
    "model": "admin.logentry",
    "pk": 6,
    "fields": {
        "action_time": "2022-08-14T10:29:48.708Z",
        "user": [
            "surajksingh2009@gmail.com"
        ],
        "content_type": [
            "accounts",
            "account"
        ],
        "object_id": "16",
        "object_repr": "developerraft@gmail.com",
        "action_flag": 3,
        "change_message": ""
    }
},
{
    "model": "admin.logentry",
    "pk": 7,
    "fields": {
        "action_time": "2022-08-14T10:31:17.729Z",
        "user": [
            "surajksingh2009@gmail.com"
        ],
        "content_type": [
            "accounts",
            "account"
        ],
        "object_id": "17",
        "object_repr": "developerraft@gmail.com",
        "action_flag": 3,
        "change_message": ""
    }
},
{
    "model": "admin.logentry",
    "pk": 8,
    "fields": {
        "action_time": "2022-08-14T11:15:14.871Z",
        "user": [
            "surajksingh2009@gmail.com"
        ],
        "content_type": [
            "accounts",
            "account"
        ],
        "object_id": "18",
        "object_repr": "developerraft@gmail.com",
        "action_flag": 3,
        "change_message": ""
    }
},
{
    "model": "admin.logentry",
    "pk": 9,
    "fields": {
        "action_time": "2022-08-14T14:50:29.096Z",
        "user": [
            "surajksingh2009@gmail.com"
        ],
        "content_type": [
            "accounts",
            "userprofile"
        ],
        "object_id": "1",
        "object_repr": "developer",
        "action_flag": 1,
        "change_message": "[{\"added\": {}}]"
    }
},
{
    "model": "admin.logentry",
    "pk": 10,
    "fields": {
        "action_time": "2022-08-14T15:03:47.743Z",
        "user": [
            "surajksingh2009@gmail.com"
        ],
        "content_type": [
            "accounts",
            "userprofile"
        ],
        "object_id": "2",
        "object_repr": "amit",
        "action_flag": 1,
        "change_message": "[{\"added\": {}}]"
    }
},
{
    "model": "admin.logentry",
    "pk": 11,
    "fields": {
        "action_time": "2022-08-14T19:48:57.838Z",
        "user": [
            "surajksingh2009@gmail.com"
        ],
        "content_type": [
            "accounts",
            "account"
        ],
        "object_id": "19",
        "object_repr": "developerraft@gmail.com",
        "action_flag": 3,
        "change_message": ""
    }
},
{
    "model": "admin.logentry",
    "pk": 12,
    "fields": {
        "action_time": "2022-08-14T21:50:14.486Z",
        "user": [
            "surajksingh2009@gmail.com"
        ],
        "content_type": [
            "genre",
            "genre"
        ],
        "object_id": "1",
        "object_repr": "Text book",
        "action_flag": 1,
        "change_message": "[{\"added\": {}}]"
    }
},
{
    "model": "admin.logentry",
    "pk": 13,
    "fields": {
        "action_time": "2022-08-14T22:38:24.668Z",
        "user": [
            "surajksingh2009@gmail.com"
        ],
        "content_type": [
            "bookstore",
            "book"
        ],
        "object_id": "1",
        "object_repr": "Database System",
        "action_flag": 1,
        "change_message": "[{\"added\": {}}]"
    }
},
{
    "model": "admin.logentry",
    "pk": 14,
    "fields": {
        "action_time": "2022-08-20T11:34:34.687Z",
        "user": [
            "surajksingh2009@gmail.com"
        ],
        "content_type": [
            "bookstore",
            "book"
        ],
        "object_id": "2",
        "object_repr": "JAVA",
        "action_flag": 1,
        "change_message": "[{\"added\": {}}]"
    }
},
{
    "model": "admin.logentry",
    "pk": 15,
    "fields": {
        "action_time": "2022-08-20T11:35:29.054Z",
        "user": [
            "surajksingh2009@gmail.com"
        ],
        "content_type": [
            "bookstore",
            "book"
        ],
        "object_id": "3",
        "object_repr": "Struts2",
        "action_flag": 1,
        "change_message": "[{\"added\": {}}]"
    }
},
{
    "model": "admin.logentry",
    "pk": 16,
    "fields": {
        "action_time": "2022-08-20T11:36:14.534Z",
        "user": [
            "surajksingh2009@gmail.com"
        ],
        "content_type": [
            "bookstore",
            "book"
        ],
        "object_id": "4",
        "object_repr": "C",
        "action_flag": 1,
        "change_message": "[{\"added\": {}}]"
    }
},
{
    "model": "admin.logentry",
    "pk": 17,
    "fields": {
        "action_time": "2022-08-20T12:01:25.971Z",
        "user": [
            "surajksingh2009@gmail.com"
        ],
        "content_type": [
            "genre",
            "genre"
        ],
        "object_id": "2",
        "object_repr": "Programming",
        "action_flag": 1,
        "change_message": "[{\"added\": {}}]"
    }
},
{
    "model": "admin.logentry",
    "pk": 18,
    "fields": {
        "action_time": "2022-08-20T12:01:47.685Z",
        "user": [
            "surajksingh2009@gmail.com"
        ],
        "content_type": [
            "bookstore",
            "book"
        ],
        "object_id": "2",
        "object_repr": "JAVA",
        "action_flag": 2,
        "change_message": "[{\"changed\": {\"fields\": [\"Genre\"]}}]"
    }
},
{
    "model": "admin.logentry",
    "pk": 19,
    "fields": {
        "action_time": "2022-08-20T14:17:19.234Z",
        "user": [
            "surajksingh2009@gmail.com"
        ],
        "content_type": [
            "bookstore",
            "book"
        ],
        "object_id": "2",
        "object_repr": "JAVA",
        "action_flag": 2,
        "change_message": "[{\"changed\": {\"fields\": [\"Stock\"]}}]"
    }
},
{
    "model": "admin.logentry",
    "pk": 20,
    "fields": {
        "action_time": "2022-08-21T15:36:57.146Z",
        "user": [
            "surajksingh2009@gmail.com"
        ],
        "content_type": [
            "socialaccount",
            "socialapp"
        ],
        "object_id": "1",
        "object_repr": "Google Login",
        "action_flag": 1,
        "change_message": "[{\"added\": {}}]"
    }
},
{
    "model": "admin.logentry",
    "pk": 21,
    "fields": {
        "action_time": "2022-08-21T19:23:39.725Z",
        "user": [
            "surajksingh2009@gmail.com"
        ],
        "content_type": [
            "genre",
            "genre"
        ],
        "object_id": "3",
        "object_repr": "Novel",
        "action_flag": 1,
        "change_message": "[{\"added\": {}}]"
    }
},
{
    "model": "admin.logentry",
    "pk": 22,
    "fields": {
        "action_time": "2022-08-23T23:24:12.814Z",
        "user": [
            "surajksingh2009@gmail.com"
        ],
        "content_type": [
            "carts",
            "cart"
        ],
        "object_id": "6",
        "object_repr": "2dl46yihyefx5549hnlqajtdwn90tt11",
        "action_flag": 3,
        "change_message": ""
    }
},
{
    "model": "admin.logentry",
    "pk": 23,
    "fields": {
        "action_time": "2022-08-23T23:24:23.768Z",
        "user": [
            "surajksingh2009@gmail.com"
        ],
        "content_type": [
            "carts",
            "cart"
        ],
        "object_id": "5",
        "object_repr": "iy1ehipxvpxfi2jetqnq4da2ylxs7yqa",
        "action_flag": 3,
        "change_message": ""
    }
},
{
    "model": "admin.logentry",
    "pk": 24,
    "fields": {
        "action_time": "2022-08-23T23:24:23.774Z",
        "user": [
            "surajksingh2009@gmail.com"
        ],
        "content_type": [
            "carts",
            "cart"
        ],
        "object_id": "4",
        "object_repr": "nbao1xntyj0ijvaiedujlbn4uqn7kx8p",
        "action_flag": 3,
        "change_message": ""
    }
},
{
    "model": "admin.logentry",
    "pk": 25,
    "fields": {
        "action_time": "2022-08-23T23:24:23.780Z",
        "user": [
            "surajksingh2009@gmail.com"
        ],
        "content_type": [
            "carts",
            "cart"
        ],
        "object_id": "3",
        "object_repr": "63ec41tfmooulbaofdvv6gua8w15e8uc",
        "action_flag": 3,
        "change_message": ""
    }
},
{
    "model": "admin.logentry",
    "pk": 26,
    "fields": {
        "action_time": "2022-08-23T23:24:23.785Z",
        "user": [
            "surajksingh2009@gmail.com"
        ],
        "content_type": [
            "carts",
            "cart"
        ],
        "object_id": "2",
        "object_repr": "8gxbc1jvz6nwtqdeu9zz3lc4ijga9t2w",
        "action_flag": 3,
        "change_message": ""
    }
},
{
    "model": "admin.logentry",
    "pk": 27,
    "fields": {
        "action_time": "2022-08-23T23:24:23.791Z",
        "user": [
            "surajksingh2009@gmail.com"
        ],
        "content_type": [
            "carts",
            "cart"
        ],
        "object_id": "1",
        "object_repr": "bjj1gpbsze5z3okzaczd23ydvevj1bbz",
        "action_flag": 3,
        "change_message": ""
    }
},
{
    "model": "admin.logentry",
    "pk": 28,
    "fields": {
        "action_time": "2022-08-23T23:33:28.588Z",
        "user": [
            "surajksingh2009@gmail.com"
        ],
        "content_type": [
            "carts",
            "cartitem"
        ],
        "object_id": "13",
        "object_repr": "CartItem object (13)",
        "action_flag": 3,
        "change_message": ""
    }
},
{
    "model": "admin.logentry",
    "pk": 29,
    "fields": {
        "action_time": "2022-08-23T23:33:37.004Z",
        "user": [
            "surajksingh2009@gmail.com"
        ],
        "content_type": [
            "carts",
            "cartitem"
        ],
        "object_id": "14",
        "object_repr": "CartItem object (14)",
        "action_flag": 3,
        "change_message": ""
    }
},
{
    "model": "admin.logentry",
    "pk": 30,
    "fields": {
        "action_time": "2022-08-23T23:39:48.494Z",
        "user": [
            "surajksingh2009@gmail.com"
        ],
        "content_type": [
            "carts",
            "cartitem"
        ],
        "object_id": "15",
        "object_repr": "CartItem object (15)",
        "action_flag": 3,
        "change_message": ""
    }
},
{
    "model": "admin.logentry",
    "pk": 31,
    "fields": {
        "action_time": "2022-08-23T23:40:06.902Z",
        "user": [
            "surajksingh2009@gmail.com"
        ],
        "content_type": [
            "carts",
            "cart"
        ],
        "object_id": "9",
        "object_repr": "sth4iofnjo1ni1fbztvyriciqyak1qmf",
        "action_flag": 3,
        "change_message": ""
    }
},
{
    "model": "admin.logentry",
    "pk": 32,
    "fields": {
        "action_time": "2022-08-23T23:40:06.909Z",
        "user": [
            "surajksingh2009@gmail.com"
        ],
        "content_type": [
            "carts",
            "cart"
        ],
        "object_id": "8",
        "object_repr": "ynxqsbnos5msktcmgy4arsvqjk11uhe1",
        "action_flag": 3,
        "change_message": ""
    }
},
{
    "model": "admin.logentry",
    "pk": 33,
    "fields": {
        "action_time": "2022-08-23T23:40:06.915Z",
        "user": [
            "surajksingh2009@gmail.com"
        ],
        "content_type": [
            "carts",
            "cart"
        ],
        "object_id": "7",
        "object_repr": "b5kz0inz0xullhxs2sfndqh0brubcwfg",
        "action_flag": 3,
        "change_message": ""
    }
},
{
    "model": "admin.logentry",
    "pk": 34,
    "fields": {
        "action_time": "2022-08-24T10:27:40.457Z",
        "user": [
            "surajksingh2009@gmail.com"
        ],
        "content_type": [
            "bookstore",
            "variation"
        ],
        "object_id": "1",
        "object_repr": "Variation object (1)",
        "action_flag": 1,
        "change_message": "[{\"added\": {}}]"
    }
},
{
    "model": "admin.logentry",
    "pk": 35,
    "fields": {
        "action_time": "2022-08-24T10:29:02.053Z",
        "user": [
            "surajksingh2009@gmail.com"
        ],
        "content_type": [
            "bookstore",
            "variation"
        ],
        "object_id": "2",
        "object_repr": "Variation object (2)",
        "action_flag": 1,
        "change_message": "[{\"added\": {}}]"
    }
},
{
    "model": "admin.logentry",
    "pk": 36,
    "fields": {
        "action_time": "2022-08-24T10:29:31.379Z",
        "user": [
            "surajksingh2009@gmail.com"
        ],
        "content_type": [
            "bookstore",
            "variation"
        ],
        "object_id": "2",
        "object_repr": "Variation object (2)",
        "action_flag": 2,
        "change_message": "[{\"changed\": {\"fields\": [\"Variation category\", \"Variation value\"]}}]"
    }
},
{
    "model": "admin.logentry",
    "pk": 37,
    "fields": {
        "action_time": "2022-08-24T10:35:15.450Z",
        "user": [
            "surajksingh2009@gmail.com"
        ],
        "content_type": [
            "bookstore",
            "variation"
        ],
        "object_id": "2",
        "object_repr": "Variation object (2)",
        "action_flag": 2,
        "change_message": "[{\"changed\": {\"fields\": [\"Variation category\", \"Variation value\"]}}]"
    }
},
{
    "model": "admin.logentry",
    "pk": 38,
    "fields": {
        "action_time": "2022-08-24T10:35:56.841Z",
        "user": [
            "surajksingh2009@gmail.com"
        ],
        "content_type": [
            "bookstore",
            "variation"
        ],
        "object_id": "3",
        "object_repr": "Variation object (3)",
        "action_flag": 1,
        "change_message": "[{\"added\": {}}]"
    }
},
{
    "model": "admin.logentry",
    "pk": 39,
    "fields": {
        "action_time": "2022-08-24T11:27:13.009Z",
        "user": [
            "surajksingh2009@gmail.com"
        ],
        "content_type": [
            "bookstore",
            "variation"
        ],
        "object_id": "1",
        "object_repr": "Variation object (1)",
        "action_flag": 2,
        "change_message": "[{\"changed\": {\"fields\": [\"Variation category\", \"Variation value\"]}}]"
    }
},
{
    "model": "admin.logentry",
    "pk": 40,
    "fields": {
        "action_time": "2022-08-24T11:27:59.162Z",
        "user": [
            "surajksingh2009@gmail.com"
        ],
        "content_type": [
            "bookstore",
            "variation"
        ],
        "object_id": "4",
        "object_repr": "Variation object (4)",
        "action_flag": 1,
        "change_message": "[{\"added\": {}}]"
    }
},
{
    "model": "admin.logentry",
    "pk": 41,
    "fields": {
        "action_time": "2022-08-24T12:14:49.186Z",
        "user": [
            "surajksingh2009@gmail.com"
        ],
        "content_type": [
            "carts",
            "cartitem"
        ],
        "object_id": "31",
        "object_repr": "CartItem object (31)",
        "action_flag": 3,
        "change_message": ""
    }
},
{
    "model": "admin.logentry",
    "pk": 42,
    "fields": {
        "action_time": "2022-08-24T12:14:49.195Z",
        "user": [
            "surajksingh2009@gmail.com"
        ],
        "content_type": [
            "carts",
            "cartitem"
        ],
        "object_id": "28",
        "object_repr": "CartItem object (28)",
        "action_flag": 3,
        "change_message": ""
    }
},
{
    "model": "admin.logentry",
    "pk": 43,
    "fields": {
        "action_time": "2022-08-24T12:14:49.204Z",
        "user": [
            "surajksingh2009@gmail.com"
        ],
        "content_type": [
            "carts",
            "cartitem"
        ],
        "object_id": "26",
        "object_repr": "CartItem object (26)",
        "action_flag": 3,
        "change_message": ""
    }
},
{
    "model": "admin.logentry",
    "pk": 44,
    "fields": {
        "action_time": "2022-08-24T12:14:49.211Z",
        "user": [
            "surajksingh2009@gmail.com"
        ],
        "content_type": [
            "carts",
            "cartitem"
        ],
        "object_id": "25",
        "object_repr": "CartItem object (25)",
        "action_flag": 3,
        "change_message": ""
    }
},
{
    "model": "admin.logentry",
    "pk": 45,
    "fields": {
        "action_time": "2022-08-24T12:14:49.218Z",
        "user": [
            "surajksingh2009@gmail.com"
        ],
        "content_type": [
            "carts",
            "cartitem"
        ],
        "object_id": "24",
        "object_repr": "CartItem object (24)",
        "action_flag": 3,
        "change_message": ""
    }
},
{
    "model": "admin.logentry",
    "pk": 46,
    "fields": {
        "action_time": "2022-08-24T12:14:49.224Z",
        "user": [
            "surajksingh2009@gmail.com"
        ],
        "content_type": [
            "carts",
            "cartitem"
        ],
        "object_id": "23",
        "object_repr": "CartItem object (23)",
        "action_flag": 3,
        "change_message": ""
    }
},
{
    "model": "admin.logentry",
    "pk": 47,
    "fields": {
        "action_time": "2022-08-24T12:14:49.231Z",
        "user": [
            "surajksingh2009@gmail.com"
        ],
        "content_type": [
            "carts",
            "cartitem"
        ],
        "object_id": "22",
        "object_repr": "CartItem object (22)",
        "action_flag": 3,
        "change_message": ""
    }
},
{
    "model": "admin.logentry",
    "pk": 48,
    "fields": {
        "action_time": "2022-08-24T12:14:49.239Z",
        "user": [
            "surajksingh2009@gmail.com"
        ],
        "content_type": [
            "carts",
            "cartitem"
        ],
        "object_id": "21",
        "object_repr": "CartItem object (21)",
        "action_flag": 3,
        "change_message": ""
    }
},
{
    "model": "admin.logentry",
    "pk": 49,
    "fields": {
        "action_time": "2022-08-24T12:14:49.247Z",
        "user": [
            "surajksingh2009@gmail.com"
        ],
        "content_type": [
            "carts",
            "cartitem"
        ],
        "object_id": "20",
        "object_repr": "CartItem object (20)",
        "action_flag": 3,
        "change_message": ""
    }
},
{
    "model": "admin.logentry",
    "pk": 50,
    "fields": {
        "action_time": "2022-08-24T12:14:49.254Z",
        "user": [
            "surajksingh2009@gmail.com"
        ],
        "content_type": [
            "carts",
            "cartitem"
        ],
        "object_id": "18",
        "object_repr": "CartItem object (18)",
        "action_flag": 3,
        "change_message": ""
    }
},
{
    "model": "admin.logentry",
    "pk": 51,
    "fields": {
        "action_time": "2022-08-24T12:14:49.261Z",
        "user": [
            "surajksingh2009@gmail.com"
        ],
        "content_type": [
            "carts",
            "cartitem"
        ],
        "object_id": "17",
        "object_repr": "CartItem object (17)",
        "action_flag": 3,
        "change_message": ""
    }
},
{
    "model": "admin.logentry",
    "pk": 52,
    "fields": {
        "action_time": "2022-08-24T12:14:49.267Z",
        "user": [
            "surajksingh2009@gmail.com"
        ],
        "content_type": [
            "carts",
            "cartitem"
        ],
        "object_id": "16",
        "object_repr": "CartItem object (16)",
        "action_flag": 3,
        "change_message": ""
    }
},
{
    "model": "admin.logentry",
    "pk": 53,
    "fields": {
        "action_time": "2022-08-24T12:14:57.803Z",
        "user": [
            "surajksingh2009@gmail.com"
        ],
        "content_type": [
            "carts",
            "cart"
        ],
        "object_id": "22",
        "object_repr": "j06wckvw25u1o8feb274aoau5yv9d6be",
        "action_flag": 3,
        "change_message": ""
    }
},
{
    "model": "admin.logentry",
    "pk": 54,
    "fields": {
        "action_time": "2022-08-24T12:14:57.815Z",
        "user": [
            "surajksingh2009@gmail.com"
        ],
        "content_type": [
            "carts",
            "cart"
        ],
        "object_id": "21",
        "object_repr": "y07v87j5ljopkqnq8epfpe33oceg7bqs",
        "action_flag": 3,
        "change_message": ""
    }
},
{
    "model": "admin.logentry",
    "pk": 55,
    "fields": {
        "action_time": "2022-08-24T12:14:57.822Z",
        "user": [
            "surajksingh2009@gmail.com"
        ],
        "content_type": [
            "carts",
            "cart"
        ],
        "object_id": "20",
        "object_repr": "szjew3vfddbgwnh6v0a9hnshbbo94nlp",
        "action_flag": 3,
        "change_message": ""
    }
},
{
    "model": "admin.logentry",
    "pk": 56,
    "fields": {
        "action_time": "2022-08-24T12:14:57.831Z",
        "user": [
            "surajksingh2009@gmail.com"
        ],
        "content_type": [
            "carts",
            "cart"
        ],
        "object_id": "19",
        "object_repr": "8lr8pn5pnc75aruhp79tjuwxpg8mwwyx",
        "action_flag": 3,
        "change_message": ""
    }
},
{
    "model": "admin.logentry",
    "pk": 57,
    "fields": {
        "action_time": "2022-08-24T12:14:57.842Z",
        "user": [
            "surajksingh2009@gmail.com"
        ],
        "content_type": [
            "carts",
            "cart"
        ],
        "object_id": "18",
        "object_repr": "bzvyuev04x64e8lgztxsopv6tle9a3kn",
        "action_flag": 3,
        "change_message": ""
    }
},
{
    "model": "admin.logentry",
    "pk": 58,
    "fields": {
        "action_time": "2022-08-24T12:14:57.849Z",
        "user": [
            "surajksingh2009@gmail.com"
        ],
        "content_type": [
            "carts",
            "cart"
        ],
        "object_id": "17",
        "object_repr": "ao6zn4zz4e3b27y83xq9o6xngxjy862w",
        "action_flag": 3,
        "change_message": ""
    }
},
{
    "model": "admin.logentry",
    "pk": 59,
    "fields": {
        "action_time": "2022-08-24T12:14:57.856Z",
        "user": [
            "surajksingh2009@gmail.com"
        ],
        "content_type": [
            "carts",
            "cart"
        ],
        "object_id": "16",
        "object_repr": "bsgnimk74eed6buoq21lze2d67ojjrbr",
        "action_flag": 3,
        "change_message": ""
    }
},
{
    "model": "admin.logentry",
    "pk": 60,
    "fields": {
        "action_time": "2022-08-24T12:14:57.861Z",
        "user": [
            "surajksingh2009@gmail.com"
        ],
        "content_type": [
            "carts",
            "cart"
        ],
        "object_id": "15",
        "object_repr": "7vfb3wex7sptu82buiri9mrqvt6j4l2c",
        "action_flag": 3,
        "change_message": ""
    }
},
{
    "model": "admin.logentry",
    "pk": 61,
    "fields": {
        "action_time": "2022-08-24T12:14:57.867Z",
        "user": [
            "surajksingh2009@gmail.com"
        ],
        "content_type": [
            "carts",
            "cart"
        ],
        "object_id": "14",
        "object_repr": "tpf7xznzwxm9jcyr4rvjtad2koahwaw4",
        "action_flag": 3,
        "change_message": ""
    }
},
{
    "model": "admin.logentry",
    "pk": 62,
    "fields": {
        "action_time": "2022-08-24T12:14:57.872Z",
        "user": [
            "surajksingh2009@gmail.com"
        ],
        "content_type": [
            "carts",
            "cart"
        ],
        "object_id": "13",
        "object_repr": "8nwh0ql3labgc4ufifiroy7fk0d9dbiu",
        "action_flag": 3,
        "change_message": ""
    }
},
{
    "model": "admin.logentry",
    "pk": 63,
    "fields": {
        "action_time": "2022-08-24T12:14:57.877Z",
        "user": [
            "surajksingh2009@gmail.com"
        ],
        "content_type": [
            "carts",
            "cart"
        ],
        "object_id": "12",
        "object_repr": "pdl9q561ut7xfsbpbhs6f6g5kto4jvid",
        "action_flag": 3,
        "change_message": ""
    }
},
{
    "model": "admin.logentry",
    "pk": 64,
    "fields": {
        "action_time": "2022-08-24T12:14:57.883Z",
        "user": [
            "surajksingh2009@gmail.com"
        ],
        "content_type": [
            "carts",
            "cart"
        ],
        "object_id": "11",
        "object_repr": "oi6km9aan05ruu35uvune0r0yxipx47r",
        "action_flag": 3,
        "change_message": ""
    }
},
{
    "model": "admin.logentry",
    "pk": 65,
    "fields": {
        "action_time": "2022-08-24T12:14:57.889Z",
        "user": [
            "surajksingh2009@gmail.com"
        ],
        "content_type": [
            "carts",
            "cart"
        ],
        "object_id": "10",
        "object_repr": "we0zwsm2xru5bak0oog0x4tw2jmbbz1m",
        "action_flag": 3,
        "change_message": ""
    }
},
{
    "model": "admin.logentry",
    "pk": 66,
    "fields": {
        "action_time": "2022-08-24T12:34:18.182Z",
        "user": [
            "surajksingh2009@gmail.com"
        ],
        "content_type": [
            "bookstore",
            "variation"
        ],
        "object_id": "5",
        "object_repr": "Paper",
        "action_flag": 1,
        "change_message": "[{\"added\": {}}]"
    }
},
{
    "model": "admin.logentry",
    "pk": 67,
    "fields": {
        "action_time": "2022-08-24T12:34:47.055Z",
        "user": [
            "surajksingh2009@gmail.com"
        ],
        "content_type": [
            "bookstore",
            "variation"
        ],
        "object_id": "6",
        "object_repr": "1st Edition",
        "action_flag": 1,
        "change_message": "[{\"added\": {}}]"
    }
},
{
    "model": "admin.logentry",
    "pk": 68,
    "fields": {
        "action_time": "2022-08-24T13:10:46.668Z",
        "user": [
            "surajksingh2009@gmail.com"
        ],
        "content_type": [
            "carts",
            "cartitem"
        ],
        "object_id": "37",
        "object_repr": "CartItem object (37)",
        "action_flag": 3,
        "change_message": ""
    }
},
{
    "model": "admin.logentry",
    "pk": 69,
    "fields": {
        "action_time": "2022-08-24T13:10:46.678Z",
        "user": [
            "surajksingh2009@gmail.com"
        ],
        "content_type": [
            "carts",
            "cartitem"
        ],
        "object_id": "36",
        "object_repr": "CartItem object (36)",
        "action_flag": 3,
        "change_message": ""
    }
},
{
    "model": "admin.logentry",
    "pk": 70,
    "fields": {
        "action_time": "2022-08-24T13:10:46.685Z",
        "user": [
            "surajksingh2009@gmail.com"
        ],
        "content_type": [
            "carts",
            "cartitem"
        ],
        "object_id": "35",
        "object_repr": "CartItem object (35)",
        "action_flag": 3,
        "change_message": ""
    }
},
{
    "model": "admin.logentry",
    "pk": 71,
    "fields": {
        "action_time": "2022-08-24T13:10:46.694Z",
        "user": [
            "surajksingh2009@gmail.com"
        ],
        "content_type": [
            "carts",
            "cartitem"
        ],
        "object_id": "33",
        "object_repr": "CartItem object (33)",
        "action_flag": 3,
        "change_message": ""
    }
},
{
    "model": "admin.logentry",
    "pk": 72,
    "fields": {
        "action_time": "2022-08-24T13:10:46.701Z",
        "user": [
            "surajksingh2009@gmail.com"
        ],
        "content_type": [
            "carts",
            "cartitem"
        ],
        "object_id": "32",
        "object_repr": "CartItem object (32)",
        "action_flag": 3,
        "change_message": ""
    }
},
{
    "model": "admin.logentry",
    "pk": 73,
    "fields": {
        "action_time": "2022-08-24T13:10:55.259Z",
        "user": [
            "surajksingh2009@gmail.com"
        ],
        "content_type": [
            "carts",
            "cart"
        ],
        "object_id": "25",
        "object_repr": "q4b0q1lho4wv1sgy19tjgcarhaax2j9x",
        "action_flag": 3,
        "change_message": ""
    }
},
{
    "model": "admin.logentry",
    "pk": 74,
    "fields": {
        "action_time": "2022-08-24T13:10:55.268Z",
        "user": [
            "surajksingh2009@gmail.com"
        ],
        "content_type": [
            "carts",
            "cart"
        ],
        "object_id": "24",
        "object_repr": "q6df7bgbisgv31neyijosxj5tj07qmx5",
        "action_flag": 3,
        "change_message": ""
    }
},
{
    "model": "admin.logentry",
    "pk": 75,
    "fields": {
        "action_time": "2022-08-24T13:10:55.274Z",
        "user": [
            "surajksingh2009@gmail.com"
        ],
        "content_type": [
            "carts",
            "cart"
        ],
        "object_id": "23",
        "object_repr": "51t0cmpfzj1rhojl0kzgv5vcoqa8qc5t",
        "action_flag": 3,
        "change_message": ""
    }
},
{
    "model": "admin.logentry",
    "pk": 76,
    "fields": {
        "action_time": "2022-08-24T13:21:01.585Z",
        "user": [
            "surajksingh2009@gmail.com"
        ],
        "content_type": [
            "carts",
            "cartitem"
        ],
        "object_id": "39",
        "object_repr": "CartItem object (39)",
        "action_flag": 3,
        "change_message": ""
    }
},
{
    "model": "admin.logentry",
    "pk": 77,
    "fields": {
        "action_time": "2022-08-24T13:21:01.594Z",
        "user": [
            "surajksingh2009@gmail.com"
        ],
        "content_type": [
            "carts",
            "cartitem"
        ],
        "object_id": "38",
        "object_repr": "CartItem object (38)",
        "action_flag": 3,
        "change_message": ""
    }
},
{
    "model": "admin.logentry",
    "pk": 78,
    "fields": {
        "action_time": "2022-08-24T13:21:11.436Z",
        "user": [
            "surajksingh2009@gmail.com"
        ],
        "content_type": [
            "carts",
            "cart"
        ],
        "object_id": "26",
        "object_repr": "fml46hxzdk8hc32lz87kr5naid6o364m",
        "action_flag": 3,
        "change_message": ""
    }
},
{
    "model": "admin.logentry",
    "pk": 79,
    "fields": {
        "action_time": "2022-08-24T13:40:39.643Z",
        "user": [
            "surajksingh2009@gmail.com"
        ],
        "content_type": [
            "carts",
            "cart"
        ],
        "object_id": "28",
        "object_repr": "f10s8a02ewb10dmed4iw4y48lp5e6cet",
        "action_flag": 3,
        "change_message": ""
    }
},
{
    "model": "admin.logentry",
    "pk": 80,
    "fields": {
        "action_time": "2022-08-24T13:40:39.652Z",
        "user": [
            "surajksingh2009@gmail.com"
        ],
        "content_type": [
            "carts",
            "cart"
        ],
        "object_id": "27",
        "object_repr": "08co53an21gxf9j9mkmouq00w3yfq9eh",
        "action_flag": 3,
        "change_message": ""
    }
},
{
    "model": "admin.logentry",
    "pk": 81,
    "fields": {
        "action_time": "2022-08-24T13:51:06.484Z",
        "user": [
            "surajksingh2009@gmail.com"
        ],
        "content_type": [
            "carts",
            "cart"
        ],
        "object_id": "29",
        "object_repr": "25ihbvn1s15rfn16ehkxj0wtikznml49",
        "action_flag": 3,
        "change_message": ""
    }
},
{
    "model": "admin.logentry",
    "pk": 82,
    "fields": {
        "action_time": "2022-08-24T14:18:39.808Z",
        "user": [
            "surajksingh2009@gmail.com"
        ],
        "content_type": [
            "carts",
            "cartitem"
        ],
        "object_id": "46",
        "object_repr": "CartItem object (46)",
        "action_flag": 3,
        "change_message": ""
    }
},
{
    "model": "admin.logentry",
    "pk": 83,
    "fields": {
        "action_time": "2022-08-24T14:18:39.817Z",
        "user": [
            "surajksingh2009@gmail.com"
        ],
        "content_type": [
            "carts",
            "cartitem"
        ],
        "object_id": "45",
        "object_repr": "CartItem object (45)",
        "action_flag": 3,
        "change_message": ""
    }
},
{
    "model": "admin.logentry",
    "pk": 84,
    "fields": {
        "action_time": "2022-08-24T14:18:48.447Z",
        "user": [
            "surajksingh2009@gmail.com"
        ],
        "content_type": [
            "carts",
            "cart"
        ],
        "object_id": "30",
        "object_repr": "ahv8zt3ogxn2ei5fijs0e12feyiqc9js",
        "action_flag": 3,
        "change_message": ""
    }
},
{
    "model": "admin.logentry",
    "pk": 85,
    "fields": {
        "action_time": "2022-08-24T14:21:44.151Z",
        "user": [
            "surajksingh2009@gmail.com"
        ],
        "content_type": [
            "bookstore",
            "variation"
        ],
        "object_id": "7",
        "object_repr": "First Edition",
        "action_flag": 1,
        "change_message": "[{\"added\": {}}]"
    }
},
{
    "model": "admin.logentry",
    "pk": 86,
    "fields": {
        "action_time": "2022-08-24T14:22:07.626Z",
        "user": [
            "surajksingh2009@gmail.com"
        ],
        "content_type": [
            "bookstore",
            "variation"
        ],
        "object_id": "8",
        "object_repr": "Digital",
        "action_flag": 1,
        "change_message": "[{\"added\": {}}]"
    }
},
{
    "model": "admin.logentry",
    "pk": 87,
    "fields": {
        "action_time": "2022-08-24T14:42:01.978Z",
        "user": [
            "surajksingh2009@gmail.com"
        ],
        "content_type": [
            "carts",
            "cartitem"
        ],
        "object_id": "51",
        "object_repr": "CartItem object (51)",
        "action_flag": 3,
        "change_message": ""
    }
},
{
    "model": "admin.logentry",
    "pk": 88,
    "fields": {
        "action_time": "2022-08-24T14:42:01.986Z",
        "user": [
            "surajksingh2009@gmail.com"
        ],
        "content_type": [
            "carts",
            "cartitem"
        ],
        "object_id": "50",
        "object_repr": "CartItem object (50)",
        "action_flag": 3,
        "change_message": ""
    }
},
{
    "model": "admin.logentry",
    "pk": 89,
    "fields": {
        "action_time": "2022-08-24T14:42:01.994Z",
        "user": [
            "surajksingh2009@gmail.com"
        ],
        "content_type": [
            "carts",
            "cartitem"
        ],
        "object_id": "49",
        "object_repr": "CartItem object (49)",
        "action_flag": 3,
        "change_message": ""
    }
},
{
    "model": "admin.logentry",
    "pk": 90,
    "fields": {
        "action_time": "2022-08-24T14:42:02.001Z",
        "user": [
            "surajksingh2009@gmail.com"
        ],
        "content_type": [
            "carts",
            "cartitem"
        ],
        "object_id": "48",
        "object_repr": "CartItem object (48)",
        "action_flag": 3,
        "change_message": ""
    }
},
{
    "model": "admin.logentry",
    "pk": 91,
    "fields": {
        "action_time": "2022-08-24T14:42:02.009Z",
        "user": [
            "surajksingh2009@gmail.com"
        ],
        "content_type": [
            "carts",
            "cartitem"
        ],
        "object_id": "47",
        "object_repr": "CartItem object (47)",
        "action_flag": 3,
        "change_message": ""
    }
},
{
    "model": "admin.logentry",
    "pk": 92,
    "fields": {
        "action_time": "2022-08-24T14:42:12.593Z",
        "user": [
            "surajksingh2009@gmail.com"
        ],
        "content_type": [
            "carts",
            "cart"
        ],
        "object_id": "32",
        "object_repr": "a98ik1fe7gs09kogcdevta57smy91sjg",
        "action_flag": 3,
        "change_message": ""
    }
},
{
    "model": "admin.logentry",
    "pk": 93,
    "fields": {
        "action_time": "2022-08-24T14:42:12.602Z",
        "user": [
            "surajksingh2009@gmail.com"
        ],
        "content_type": [
            "carts",
            "cart"
        ],
        "object_id": "31",
        "object_repr": "bcligy1frdcfrukktrxyuxwk0xcm9z9j",
        "action_flag": 3,
        "change_message": ""
    }
},
{
    "model": "admin.logentry",
    "pk": 94,
    "fields": {
        "action_time": "2022-08-24T14:42:36.168Z",
        "user": [
            "surajksingh2009@gmail.com"
        ],
        "content_type": [
            "bookstore",
            "variation"
        ],
        "object_id": "6",
        "object_repr": "First Edition",
        "action_flag": 2,
        "change_message": "[{\"changed\": {\"fields\": [\"Variation value\"]}}]"
    }
},
{
    "model": "admin.logentry",
    "pk": 95,
    "fields": {
        "action_time": "2022-08-24T14:42:48.807Z",
        "user": [
            "surajksingh2009@gmail.com"
        ],
        "content_type": [
            "bookstore",
            "variation"
        ],
        "object_id": "4",
        "object_repr": "Second Edition",
        "action_flag": 2,
        "change_message": "[{\"changed\": {\"fields\": [\"Variation value\"]}}]"
    }
},
{
    "model": "admin.logentry",
    "pk": 96,
    "fields": {
        "action_time": "2022-08-24T14:50:36.356Z",
        "user": [
            "surajksingh2009@gmail.com"
        ],
        "content_type": [
            "bookstore",
            "variation"
        ],
        "object_id": "8",
        "object_repr": "Digital",
        "action_flag": 3,
        "change_message": ""
    }
},
{
    "model": "admin.logentry",
    "pk": 97,
    "fields": {
        "action_time": "2022-08-24T14:50:36.366Z",
        "user": [
            "surajksingh2009@gmail.com"
        ],
        "content_type": [
            "bookstore",
            "variation"
        ],
        "object_id": "7",
        "object_repr": "First Edition",
        "action_flag": 3,
        "change_message": ""
    }
},
{
    "model": "admin.logentry",
    "pk": 98,
    "fields": {
        "action_time": "2022-08-24T14:50:36.373Z",
        "user": [
            "surajksingh2009@gmail.com"
        ],
        "content_type": [
            "bookstore",
            "variation"
        ],
        "object_id": "6",
        "object_repr": "First Edition",
        "action_flag": 3,
        "change_message": ""
    }
},
{
    "model": "admin.logentry",
    "pk": 99,
    "fields": {
        "action_time": "2022-08-24T14:50:36.382Z",
        "user": [
            "surajksingh2009@gmail.com"
        ],
        "content_type": [
            "bookstore",
            "variation"
        ],
        "object_id": "5",
        "object_repr": "Paper",
        "action_flag": 3,
        "change_message": ""
    }
},
{
    "model": "admin.logentry",
    "pk": 100,
    "fields": {
        "action_time": "2022-08-24T14:50:36.390Z",
        "user": [
            "surajksingh2009@gmail.com"
        ],
        "content_type": [
            "bookstore",
            "variation"
        ],
        "object_id": "4",
        "object_repr": "Second Edition",
        "action_flag": 3,
        "change_message": ""
    }
},
{
    "model": "admin.logentry",
    "pk": 101,
    "fields": {
        "action_time": "2022-08-24T14:50:36.400Z",
        "user": [
            "surajksingh2009@gmail.com"
        ],
        "content_type": [
            "bookstore",
            "variation"
        ],
        "object_id": "3",
        "object_repr": "Paper",
        "action_flag": 3,
        "change_message": ""
    }
},
{
    "model": "admin.logentry",
    "pk": 102,
    "fields": {
        "action_time": "2022-08-24T14:50:36.409Z",
        "user": [
            "surajksingh2009@gmail.com"
        ],
        "content_type": [
            "bookstore",
            "variation"
        ],
        "object_id": "2",
        "object_repr": "Latest",
        "action_flag": 3,
        "change_message": ""
    }
},
{
    "model": "admin.logentry",
    "pk": 103,
    "fields": {
        "action_time": "2022-08-24T14:50:36.417Z",
        "user": [
            "surajksingh2009@gmail.com"
        ],
        "content_type": [
            "bookstore",
            "variation"
        ],
        "object_id": "1",
        "object_repr": "Digital",
        "action_flag": 3,
        "change_message": ""
    }
},
{
    "model": "admin.logentry",
    "pk": 104,
    "fields": {
        "action_time": "2022-08-24T14:50:59.106Z",
        "user": [
            "surajksingh2009@gmail.com"
        ],
        "content_type": [
            "bookstore",
            "variation"
        ],
        "object_id": "9",
        "object_repr": "first",
        "action_flag": 1,
        "change_message": "[{\"added\": {}}]"
    }
},
{
    "model": "admin.logentry",
    "pk": 105,
    "fields": {
        "action_time": "2022-08-24T14:51:13.998Z",
        "user": [
            "surajksingh2009@gmail.com"
        ],
        "content_type": [
            "bookstore",
            "variation"
        ],
        "object_id": "10",
        "object_repr": "paper",
        "action_flag": 1,
        "change_message": "[{\"added\": {}}]"
    }
},
{
    "model": "admin.logentry",
    "pk": 106,
    "fields": {
        "action_time": "2022-08-24T14:51:27.078Z",
        "user": [
            "surajksingh2009@gmail.com"
        ],
        "content_type": [
            "bookstore",
            "variation"
        ],
        "object_id": "11",
        "object_repr": "second",
        "action_flag": 1,
        "change_message": "[{\"added\": {}}]"
    }
},
{
    "model": "admin.logentry",
    "pk": 107,
    "fields": {
        "action_time": "2022-08-24T14:51:42.866Z",
        "user": [
            "surajksingh2009@gmail.com"
        ],
        "content_type": [
            "bookstore",
            "variation"
        ],
        "object_id": "12",
        "object_repr": "paper",
        "action_flag": 1,
        "change_message": "[{\"added\": {}}]"
    }
},
{
    "model": "admin.logentry",
    "pk": 108,
    "fields": {
        "action_time": "2022-08-24T14:52:11.043Z",
        "user": [
            "surajksingh2009@gmail.com"
        ],
        "content_type": [
            "bookstore",
            "variation"
        ],
        "object_id": "10",
        "object_repr": "digital",
        "action_flag": 2,
        "change_message": "[{\"changed\": {\"fields\": [\"Variation value\"]}}]"
    }
},
{
    "model": "admin.logentry",
    "pk": 109,
    "fields": {
        "action_time": "2022-08-24T16:06:03.434Z",
        "user": [
            "surajksingh2009@gmail.com"
        ],
        "content_type": [
            "carts",
            "cart"
        ],
        "object_id": "36",
        "object_repr": "d2efteuoi84vou7q27al62053zkqwexd",
        "action_flag": 3,
        "change_message": ""
    }
},
{
    "model": "admin.logentry",
    "pk": 110,
    "fields": {
        "action_time": "2022-08-24T16:06:03.444Z",
        "user": [
            "surajksingh2009@gmail.com"
        ],
        "content_type": [
            "carts",
            "cart"
        ],
        "object_id": "35",
        "object_repr": "crjca6jl2e413rvn7bvdam8jldih52t3",
        "action_flag": 3,
        "change_message": ""
    }
},
{
    "model": "admin.logentry",
    "pk": 111,
    "fields": {
        "action_time": "2022-08-24T16:06:03.452Z",
        "user": [
            "surajksingh2009@gmail.com"
        ],
        "content_type": [
            "carts",
            "cart"
        ],
        "object_id": "34",
        "object_repr": "cupwwfp12qz7nqn4cv950v0rea31vblp",
        "action_flag": 3,
        "change_message": ""
    }
},
{
    "model": "admin.logentry",
    "pk": 112,
    "fields": {
        "action_time": "2022-08-24T16:06:03.459Z",
        "user": [
            "surajksingh2009@gmail.com"
        ],
        "content_type": [
            "carts",
            "cart"
        ],
        "object_id": "33",
        "object_repr": "wm4htb6etwrx7lze8fm1kddyq0z46t6u",
        "action_flag": 3,
        "change_message": ""
    }
},
{
    "model": "admin.logentry",
    "pk": 113,
    "fields": {
        "action_time": "2022-08-24T16:11:03.629Z",
        "user": [
            "surajksingh2009@gmail.com"
        ],
        "content_type": [
            "carts",
            "cartitem"
        ],
        "object_id": "60",
        "object_repr": "CartItem object (60)",
        "action_flag": 3,
        "change_message": ""
    }
},
{
    "model": "admin.logentry",
    "pk": 114,
    "fields": {
        "action_time": "2022-08-24T16:11:21.659Z",
        "user": [
            "surajksingh2009@gmail.com"
        ],
        "content_type": [
            "carts",
            "cart"
        ],
        "object_id": "37",
        "object_repr": "g66f19yirnfg7oh2u1qsotl4yat4dmcp",
        "action_flag": 3,
        "change_message": ""
    }
},
{
    "model": "admin.logentry",
    "pk": 115,
    "fields": {
        "action_time": "2022-08-24T16:31:03.790Z",
        "user": [
            "surajksingh2009@gmail.com"
        ],
        "content_type": [
            "carts",
            "cart"
        ],
        "object_id": "38",
        "object_repr": "0giiisftf970d5zyji9490vibspfu5wj",
        "action_flag": 3,
        "change_message": ""
    }
},
{
    "model": "admin.logentry",
    "pk": 116,
    "fields": {
        "action_time": "2022-08-24T16:31:12.142Z",
        "user": [
            "surajksingh2009@gmail.com"
        ],
        "content_type": [
            "carts",
            "cartitem"
        ],
        "object_id": "61",
        "object_repr": "CartItem object (61)",
        "action_flag": 3,
        "change_message": ""
    }
},
{
    "model": "admin.logentry",
    "pk": 117,
    "fields": {
        "action_time": "2022-08-24T16:39:44.961Z",
        "user": [
            "surajksingh2009@gmail.com"
        ],
        "content_type": [
            "carts",
            "cartitem"
        ],
        "object_id": "65",
        "object_repr": "CartItem object (65)",
        "action_flag": 3,
        "change_message": ""
    }
},
{
    "model": "admin.logentry",
    "pk": 118,
    "fields": {
        "action_time": "2022-08-24T16:39:44.969Z",
        "user": [
            "surajksingh2009@gmail.com"
        ],
        "content_type": [
            "carts",
            "cartitem"
        ],
        "object_id": "64",
        "object_repr": "CartItem object (64)",
        "action_flag": 3,
        "change_message": ""
    }
},
{
    "model": "admin.logentry",
    "pk": 119,
    "fields": {
        "action_time": "2022-08-24T16:39:44.976Z",
        "user": [
            "surajksingh2009@gmail.com"
        ],
        "content_type": [
            "carts",
            "cartitem"
        ],
        "object_id": "63",
        "object_repr": "CartItem object (63)",
        "action_flag": 3,
        "change_message": ""
    }
},
{
    "model": "admin.logentry",
    "pk": 120,
    "fields": {
        "action_time": "2022-08-24T16:39:53.453Z",
        "user": [
            "surajksingh2009@gmail.com"
        ],
        "content_type": [
            "carts",
            "cart"
        ],
        "object_id": "40",
        "object_repr": "x2441i2sn3zn1rjfuhi11q1ugcd71lbc",
        "action_flag": 3,
        "change_message": ""
    }
},
{
    "model": "admin.logentry",
    "pk": 121,
    "fields": {
        "action_time": "2022-08-24T16:39:53.462Z",
        "user": [
            "surajksingh2009@gmail.com"
        ],
        "content_type": [
            "carts",
            "cart"
        ],
        "object_id": "39",
        "object_repr": "was7zphx0fs42hzsd03i36vw2omad8vs",
        "action_flag": 3,
        "change_message": ""
    }
},
{
    "model": "admin.logentry",
    "pk": 122,
    "fields": {
        "action_time": "2022-08-24T20:30:42.395Z",
        "user": [
            "surajksingh2009@gmail.com"
        ],
        "content_type": [
            "bookstore",
            "variation"
        ],
        "object_id": "13",
        "object_repr": "latest",
        "action_flag": 1,
        "change_message": "[{\"added\": {}}]"
    }
},
{
    "model": "admin.logentry",
    "pk": 123,
    "fields": {
        "action_time": "2022-08-24T20:31:11.663Z",
        "user": [
            "surajksingh2009@gmail.com"
        ],
        "content_type": [
            "bookstore",
            "variation"
        ],
        "object_id": "14",
        "object_repr": "Digital",
        "action_flag": 1,
        "change_message": "[{\"added\": {}}]"
    }
},
{
    "model": "admin.logentry",
    "pk": 124,
    "fields": {
        "action_time": "2022-09-18T14:00:10.578Z",
        "user": [
            "surajksingh2009@gmail.com"
        ],
        "content_type": [
            "bookloan",
            "bookloan"
        ],
        "object_id": "20",
        "object_repr": "h",
        "action_flag": 3,
        "change_message": ""
    }
},
{
    "model": "admin.logentry",
    "pk": 125,
    "fields": {
        "action_time": "2022-09-18T14:00:10.587Z",
        "user": [
            "surajksingh2009@gmail.com"
        ],
        "content_type": [
            "bookloan",
            "bookloan"
        ],
        "object_id": "19",
        "object_repr": "akak",
        "action_flag": 3,
        "change_message": ""
    }
},
{
    "model": "admin.logentry",
    "pk": 126,
    "fields": {
        "action_time": "2022-09-18T14:00:10.594Z",
        "user": [
            "surajksingh2009@gmail.com"
        ],
        "content_type": [
            "bookloan",
            "bookloan"
        ],
        "object_id": "18",
        "object_repr": "rajveer",
        "action_flag": 3,
        "change_message": ""
    }
},
{
    "model": "admin.logentry",
    "pk": 127,
    "fields": {
        "action_time": "2022-09-18T14:00:10.603Z",
        "user": [
            "surajksingh2009@gmail.com"
        ],
        "content_type": [
            "bookloan",
            "bookloan"
        ],
        "object_id": "17",
        "object_repr": "abhay",
        "action_flag": 3,
        "change_message": ""
    }
},
{
    "model": "admin.logentry",
    "pk": 128,
    "fields": {
        "action_time": "2022-09-18T14:00:10.611Z",
        "user": [
            "surajksingh2009@gmail.com"
        ],
        "content_type": [
            "bookloan",
            "bookloan"
        ],
        "object_id": "16",
        "object_repr": "anuj",
        "action_flag": 3,
        "change_message": ""
    }
},
{
    "model": "admin.logentry",
    "pk": 129,
    "fields": {
        "action_time": "2022-09-18T14:00:10.619Z",
        "user": [
            "surajksingh2009@gmail.com"
        ],
        "content_type": [
            "bookloan",
            "bookloan"
        ],
        "object_id": "15",
        "object_repr": "rajveer",
        "action_flag": 3,
        "change_message": ""
    }
},
{
    "model": "admin.logentry",
    "pk": 130,
    "fields": {
        "action_time": "2022-09-18T14:00:10.627Z",
        "user": [
            "surajksingh2009@gmail.com"
        ],
        "content_type": [
            "bookloan",
            "bookloan"
        ],
        "object_id": "14",
        "object_repr": "suraj",
        "action_flag": 3,
        "change_message": ""
    }
},
{
    "model": "admin.logentry",
    "pk": 131,
    "fields": {
        "action_time": "2022-09-18T14:00:10.634Z",
        "user": [
            "surajksingh2009@gmail.com"
        ],
        "content_type": [
            "bookloan",
            "bookloan"
        ],
        "object_id": "13",
        "object_repr": "suraj",
        "action_flag": 3,
        "change_message": ""
    }
},
{
    "model": "admin.logentry",
    "pk": 132,
    "fields": {
        "action_time": "2022-09-18T14:00:10.642Z",
        "user": [
            "surajksingh2009@gmail.com"
        ],
        "content_type": [
            "bookloan",
            "bookloan"
        ],
        "object_id": "12",
        "object_repr": "suraj",
        "action_flag": 3,
        "change_message": ""
    }
},
{
    "model": "admin.logentry",
    "pk": 133,
    "fields": {
        "action_time": "2022-09-18T14:00:10.650Z",
        "user": [
            "surajksingh2009@gmail.com"
        ],
        "content_type": [
            "bookloan",
            "bookloan"
        ],
        "object_id": "11",
        "object_repr": "suraj",
        "action_flag": 3,
        "change_message": ""
    }
},
{
    "model": "admin.logentry",
    "pk": 134,
    "fields": {
        "action_time": "2022-09-18T14:00:10.658Z",
        "user": [
            "surajksingh2009@gmail.com"
        ],
        "content_type": [
            "bookloan",
            "bookloan"
        ],
        "object_id": "10",
        "object_repr": "suraj",
        "action_flag": 3,
        "change_message": ""
    }
},
{
    "model": "admin.logentry",
    "pk": 135,
    "fields": {
        "action_time": "2022-09-18T14:00:10.668Z",
        "user": [
            "surajksingh2009@gmail.com"
        ],
        "content_type": [
            "bookloan",
            "bookloan"
        ],
        "object_id": "9",
        "object_repr": "suraj",
        "action_flag": 3,
        "change_message": ""
    }
},
{
    "model": "admin.logentry",
    "pk": 136,
    "fields": {
        "action_time": "2022-09-18T14:00:10.675Z",
        "user": [
            "surajksingh2009@gmail.com"
        ],
        "content_type": [
            "bookloan",
            "bookloan"
        ],
        "object_id": "8",
        "object_repr": "suraj",
        "action_flag": 3,
        "change_message": ""
    }
},
{
    "model": "admin.logentry",
    "pk": 137,
    "fields": {
        "action_time": "2022-09-18T14:00:10.683Z",
        "user": [
            "surajksingh2009@gmail.com"
        ],
        "content_type": [
            "bookloan",
            "bookloan"
        ],
        "object_id": "7",
        "object_repr": "suraj",
        "action_flag": 3,
        "change_message": ""
    }
},
{
    "model": "admin.logentry",
    "pk": 138,
    "fields": {
        "action_time": "2022-09-18T14:00:10.690Z",
        "user": [
            "surajksingh2009@gmail.com"
        ],
        "content_type": [
            "bookloan",
            "bookloan"
        ],
        "object_id": "6",
        "object_repr": "suraj",
        "action_flag": 3,
        "change_message": ""
    }
},
{
    "model": "admin.logentry",
    "pk": 139,
    "fields": {
        "action_time": "2022-09-18T14:00:10.697Z",
        "user": [
            "surajksingh2009@gmail.com"
        ],
        "content_type": [
            "bookloan",
            "bookloan"
        ],
        "object_id": "5",
        "object_repr": "suraj",
        "action_flag": 3,
        "change_message": ""
    }
},
{
    "model": "admin.logentry",
    "pk": 140,
    "fields": {
        "action_time": "2022-09-18T14:00:10.706Z",
        "user": [
            "surajksingh2009@gmail.com"
        ],
        "content_type": [
            "bookloan",
            "bookloan"
        ],
        "object_id": "4",
        "object_repr": "suraj",
        "action_flag": 3,
        "change_message": ""
    }
},
{
    "model": "admin.logentry",
    "pk": 141,
    "fields": {
        "action_time": "2022-09-18T14:00:10.713Z",
        "user": [
            "surajksingh2009@gmail.com"
        ],
        "content_type": [
            "bookloan",
            "bookloan"
        ],
        "object_id": "3",
        "object_repr": "suraj",
        "action_flag": 3,
        "change_message": ""
    }
},
{
    "model": "admin.logentry",
    "pk": 142,
    "fields": {
        "action_time": "2022-09-18T14:00:10.721Z",
        "user": [
            "surajksingh2009@gmail.com"
        ],
        "content_type": [
            "bookloan",
            "bookloan"
        ],
        "object_id": "2",
        "object_repr": "suraj",
        "action_flag": 3,
        "change_message": ""
    }
},
{
    "model": "admin.logentry",
    "pk": 143,
    "fields": {
        "action_time": "2022-09-18T14:00:10.728Z",
        "user": [
            "surajksingh2009@gmail.com"
        ],
        "content_type": [
            "bookloan",
            "bookloan"
        ],
        "object_id": "1",
        "object_repr": "suraj",
        "action_flag": 3,
        "change_message": ""
    }
},
{
    "model": "admin.logentry",
    "pk": 144,
    "fields": {
        "action_time": "2022-09-18T17:53:55.935Z",
        "user": [
            "surajksingh2009@gmail.com"
        ],
        "content_type": [
            "bookstore",
            "book"
        ],
        "object_id": "1",
        "object_repr": "Database System",
        "action_flag": 2,
        "change_message": "[{\"changed\": {\"fields\": [\"Stock\"]}}]"
    }
},
{
    "model": "admin.logentry",
    "pk": 145,
    "fields": {
        "action_time": "2022-09-18T19:26:57.762Z",
        "user": [
            "surajksingh2009@gmail.com"
        ],
        "content_type": [
            "bookstore",
            "book"
        ],
        "object_id": "1",
        "object_repr": "Database System",
        "action_flag": 2,
        "change_message": "[{\"changed\": {\"fields\": [\"Stock\"]}}]"
    }
},
{
    "model": "admin.logentry",
    "pk": 146,
    "fields": {
        "action_time": "2022-09-18T20:12:02.733Z",
        "user": [
            "surajksingh2009@gmail.com"
        ],
        "content_type": [
            "bookstore",
            "book"
        ],
        "object_id": "1",
        "object_repr": "Database System",
        "action_flag": 2,
        "change_message": "[{\"changed\": {\"fields\": [\"Stock\"]}}]"
    }
},
{
    "model": "admin.logentry",
    "pk": 147,
    "fields": {
        "action_time": "2022-09-19T17:45:41.036Z",
        "user": [
            "surajksingh2009@gmail.com"
        ],
        "content_type": [
            "bookloan",
            "bookloanbook"
        ],
        "object_id": "22",
        "object_repr": "Database System",
        "action_flag": 3,
        "change_message": ""
    }
},
{
    "model": "admin.logentry",
    "pk": 148,
    "fields": {
        "action_time": "2022-09-19T17:45:41.046Z",
        "user": [
            "surajksingh2009@gmail.com"
        ],
        "content_type": [
            "bookloan",
            "bookloanbook"
        ],
        "object_id": "21",
        "object_repr": "Database System",
        "action_flag": 3,
        "change_message": ""
    }
},
{
    "model": "admin.logentry",
    "pk": 149,
    "fields": {
        "action_time": "2022-09-19T17:45:41.053Z",
        "user": [
            "surajksingh2009@gmail.com"
        ],
        "content_type": [
            "bookloan",
            "bookloanbook"
        ],
        "object_id": "20",
        "object_repr": "Database System",
        "action_flag": 3,
        "change_message": ""
    }
},
{
    "model": "admin.logentry",
    "pk": 150,
    "fields": {
        "action_time": "2022-09-19T17:45:41.061Z",
        "user": [
            "surajksingh2009@gmail.com"
        ],
        "content_type": [
            "bookloan",
            "bookloanbook"
        ],
        "object_id": "19",
        "object_repr": "Database System",
        "action_flag": 3,
        "change_message": ""
    }
},
{
    "model": "admin.logentry",
    "pk": 151,
    "fields": {
        "action_time": "2022-09-19T17:45:41.068Z",
        "user": [
            "surajksingh2009@gmail.com"
        ],
        "content_type": [
            "bookloan",
            "bookloanbook"
        ],
        "object_id": "18",
        "object_repr": "Database System",
        "action_flag": 3,
        "change_message": ""
    }
},
{
    "model": "admin.logentry",
    "pk": 152,
    "fields": {
        "action_time": "2022-09-19T17:45:41.075Z",
        "user": [
            "surajksingh2009@gmail.com"
        ],
        "content_type": [
            "bookloan",
            "bookloanbook"
        ],
        "object_id": "17",
        "object_repr": "Database System",
        "action_flag": 3,
        "change_message": ""
    }
},
{
    "model": "admin.logentry",
    "pk": 153,
    "fields": {
        "action_time": "2022-09-19T17:45:41.083Z",
        "user": [
            "surajksingh2009@gmail.com"
        ],
        "content_type": [
            "bookloan",
            "bookloanbook"
        ],
        "object_id": "16",
        "object_repr": "Database System",
        "action_flag": 3,
        "change_message": ""
    }
},
{
    "model": "admin.logentry",
    "pk": 154,
    "fields": {
        "action_time": "2022-09-19T17:45:41.092Z",
        "user": [
            "surajksingh2009@gmail.com"
        ],
        "content_type": [
            "bookloan",
            "bookloanbook"
        ],
        "object_id": "15",
        "object_repr": "Database System",
        "action_flag": 3,
        "change_message": ""
    }
},
{
    "model": "admin.logentry",
    "pk": 155,
    "fields": {
        "action_time": "2022-09-19T17:45:41.100Z",
        "user": [
            "surajksingh2009@gmail.com"
        ],
        "content_type": [
            "bookloan",
            "bookloanbook"
        ],
        "object_id": "14",
        "object_repr": "Database System",
        "action_flag": 3,
        "change_message": ""
    }
},
{
    "model": "admin.logentry",
    "pk": 156,
    "fields": {
        "action_time": "2022-09-19T17:45:41.107Z",
        "user": [
            "surajksingh2009@gmail.com"
        ],
        "content_type": [
            "bookloan",
            "bookloanbook"
        ],
        "object_id": "13",
        "object_repr": "Database System",
        "action_flag": 3,
        "change_message": ""
    }
},
{
    "model": "admin.logentry",
    "pk": 157,
    "fields": {
        "action_time": "2022-09-19T17:45:41.115Z",
        "user": [
            "surajksingh2009@gmail.com"
        ],
        "content_type": [
            "bookloan",
            "bookloanbook"
        ],
        "object_id": "12",
        "object_repr": "Database System",
        "action_flag": 3,
        "change_message": ""
    }
},
{
    "model": "admin.logentry",
    "pk": 158,
    "fields": {
        "action_time": "2022-09-19T17:45:41.123Z",
        "user": [
            "surajksingh2009@gmail.com"
        ],
        "content_type": [
            "bookloan",
            "bookloanbook"
        ],
        "object_id": "11",
        "object_repr": "Database System",
        "action_flag": 3,
        "change_message": ""
    }
},
{
    "model": "admin.logentry",
    "pk": 159,
    "fields": {
        "action_time": "2022-09-19T17:45:41.132Z",
        "user": [
            "surajksingh2009@gmail.com"
        ],
        "content_type": [
            "bookloan",
            "bookloanbook"
        ],
        "object_id": "10",
        "object_repr": "Database System",
        "action_flag": 3,
        "change_message": ""
    }
},
{
    "model": "admin.logentry",
    "pk": 160,
    "fields": {
        "action_time": "2022-09-19T17:45:41.140Z",
        "user": [
            "surajksingh2009@gmail.com"
        ],
        "content_type": [
            "bookloan",
            "bookloanbook"
        ],
        "object_id": "9",
        "object_repr": "Database System",
        "action_flag": 3,
        "change_message": ""
    }
},
{
    "model": "admin.logentry",
    "pk": 161,
    "fields": {
        "action_time": "2022-09-19T17:45:41.148Z",
        "user": [
            "surajksingh2009@gmail.com"
        ],
        "content_type": [
            "bookloan",
            "bookloanbook"
        ],
        "object_id": "8",
        "object_repr": "Database System",
        "action_flag": 3,
        "change_message": ""
    }
},
{
    "model": "admin.logentry",
    "pk": 162,
    "fields": {
        "action_time": "2022-09-19T17:45:41.156Z",
        "user": [
            "surajksingh2009@gmail.com"
        ],
        "content_type": [
            "bookloan",
            "bookloanbook"
        ],
        "object_id": "7",
        "object_repr": "Database System",
        "action_flag": 3,
        "change_message": ""
    }
},
{
    "model": "admin.logentry",
    "pk": 163,
    "fields": {
        "action_time": "2022-09-19T17:45:41.165Z",
        "user": [
            "surajksingh2009@gmail.com"
        ],
        "content_type": [
            "bookloan",
            "bookloanbook"
        ],
        "object_id": "6",
        "object_repr": "Database System",
        "action_flag": 3,
        "change_message": ""
    }
},
{
    "model": "admin.logentry",
    "pk": 164,
    "fields": {
        "action_time": "2022-09-19T17:45:41.173Z",
        "user": [
            "surajksingh2009@gmail.com"
        ],
        "content_type": [
            "bookloan",
            "bookloanbook"
        ],
        "object_id": "5",
        "object_repr": "Database System",
        "action_flag": 3,
        "change_message": ""
    }
},
{
    "model": "admin.logentry",
    "pk": 165,
    "fields": {
        "action_time": "2022-09-19T17:45:41.181Z",
        "user": [
            "surajksingh2009@gmail.com"
        ],
        "content_type": [
            "bookloan",
            "bookloanbook"
        ],
        "object_id": "4",
        "object_repr": "Database System",
        "action_flag": 3,
        "change_message": ""
    }
},
{
    "model": "admin.logentry",
    "pk": 166,
    "fields": {
        "action_time": "2022-09-19T17:45:41.188Z",
        "user": [
            "surajksingh2009@gmail.com"
        ],
        "content_type": [
            "bookloan",
            "bookloanbook"
        ],
        "object_id": "3",
        "object_repr": "Database System",
        "action_flag": 3,
        "change_message": ""
    }
},
{
    "model": "admin.logentry",
    "pk": 167,
    "fields": {
        "action_time": "2022-09-19T17:45:41.195Z",
        "user": [
            "surajksingh2009@gmail.com"
        ],
        "content_type": [
            "bookloan",
            "bookloanbook"
        ],
        "object_id": "2",
        "object_repr": "Database System",
        "action_flag": 3,
        "change_message": ""
    }
},
{
    "model": "admin.logentry",
    "pk": 168,
    "fields": {
        "action_time": "2022-09-19T17:45:41.203Z",
        "user": [
            "surajksingh2009@gmail.com"
        ],
        "content_type": [
            "bookloan",
            "bookloanbook"
        ],
        "object_id": "1",
        "object_repr": "Database System",
        "action_flag": 3,
        "change_message": ""
    }
},
{
    "model": "admin.logentry",
    "pk": 169,
    "fields": {
        "action_time": "2022-09-19T17:45:53.430Z",
        "user": [
            "surajksingh2009@gmail.com"
        ],
        "content_type": [
            "bookloan",
            "bookloan"
        ],
        "object_id": "71",
        "object_repr": "rahul",
        "action_flag": 3,
        "change_message": ""
    }
},
{
    "model": "admin.logentry",
    "pk": 170,
    "fields": {
        "action_time": "2022-09-19T17:45:53.440Z",
        "user": [
            "surajksingh2009@gmail.com"
        ],
        "content_type": [
            "bookloan",
            "bookloan"
        ],
        "object_id": "70",
        "object_repr": "rahul",
        "action_flag": 3,
        "change_message": ""
    }
},
{
    "model": "admin.logentry",
    "pk": 171,
    "fields": {
        "action_time": "2022-09-19T17:45:53.447Z",
        "user": [
            "surajksingh2009@gmail.com"
        ],
        "content_type": [
            "bookloan",
            "bookloan"
        ],
        "object_id": "69",
        "object_repr": "rahul",
        "action_flag": 3,
        "change_message": ""
    }
},
{
    "model": "admin.logentry",
    "pk": 172,
    "fields": {
        "action_time": "2022-09-19T17:45:53.455Z",
        "user": [
            "surajksingh2009@gmail.com"
        ],
        "content_type": [
            "bookloan",
            "bookloan"
        ],
        "object_id": "68",
        "object_repr": "rahul",
        "action_flag": 3,
        "change_message": ""
    }
},
{
    "model": "admin.logentry",
    "pk": 173,
    "fields": {
        "action_time": "2022-09-19T17:45:53.462Z",
        "user": [
            "surajksingh2009@gmail.com"
        ],
        "content_type": [
            "bookloan",
            "bookloan"
        ],
        "object_id": "67",
        "object_repr": "rahul",
        "action_flag": 3,
        "change_message": ""
    }
},
{
    "model": "admin.logentry",
    "pk": 174,
    "fields": {
        "action_time": "2022-09-19T17:45:53.469Z",
        "user": [
            "surajksingh2009@gmail.com"
        ],
        "content_type": [
            "bookloan",
            "bookloan"
        ],
        "object_id": "66",
        "object_repr": "rahul",
        "action_flag": 3,
        "change_message": ""
    }
},
{
    "model": "admin.logentry",
    "pk": 175,
    "fields": {
        "action_time": "2022-09-19T17:45:53.477Z",
        "user": [
            "surajksingh2009@gmail.com"
        ],
        "content_type": [
            "bookloan",
            "bookloan"
        ],
        "object_id": "65",
        "object_repr": "rahul",
        "action_flag": 3,
        "change_message": ""
    }
},
{
    "model": "admin.logentry",
    "pk": 176,
    "fields": {
        "action_time": "2022-09-19T17:45:53.485Z",
        "user": [
            "surajksingh2009@gmail.com"
        ],
        "content_type": [
            "bookloan",
            "bookloan"
        ],
        "object_id": "64",
        "object_repr": "rahul",
        "action_flag": 3,
        "change_message": ""
    }
},
{
    "model": "admin.logentry",
    "pk": 177,
    "fields": {
        "action_time": "2022-09-19T17:45:53.494Z",
        "user": [
            "surajksingh2009@gmail.com"
        ],
        "content_type": [
            "bookloan",
            "bookloan"
        ],
        "object_id": "63",
        "object_repr": "hey",
        "action_flag": 3,
        "change_message": ""
    }
},
{
    "model": "admin.logentry",
    "pk": 178,
    "fields": {
        "action_time": "2022-09-19T17:45:53.503Z",
        "user": [
            "surajksingh2009@gmail.com"
        ],
        "content_type": [
            "bookloan",
            "bookloan"
        ],
        "object_id": "62",
        "object_repr": "abc",
        "action_flag": 3,
        "change_message": ""
    }
},
{
    "model": "admin.logentry",
    "pk": 179,
    "fields": {
        "action_time": "2022-09-19T17:45:53.510Z",
        "user": [
            "surajksingh2009@gmail.com"
        ],
        "content_type": [
            "bookloan",
            "bookloan"
        ],
        "object_id": "61",
        "object_repr": "hello",
        "action_flag": 3,
        "change_message": ""
    }
},
{
    "model": "admin.logentry",
    "pk": 180,
    "fields": {
        "action_time": "2022-09-19T17:45:53.518Z",
        "user": [
            "surajksingh2009@gmail.com"
        ],
        "content_type": [
            "bookloan",
            "bookloan"
        ],
        "object_id": "60",
        "object_repr": "Heloo",
        "action_flag": 3,
        "change_message": ""
    }
},
{
    "model": "admin.logentry",
    "pk": 181,
    "fields": {
        "action_time": "2022-09-19T17:45:53.524Z",
        "user": [
            "surajksingh2009@gmail.com"
        ],
        "content_type": [
            "bookloan",
            "bookloan"
        ],
        "object_id": "59",
        "object_repr": "hey",
        "action_flag": 3,
        "change_message": ""
    }
},
{
    "model": "admin.logentry",
    "pk": 182,
    "fields": {
        "action_time": "2022-09-19T17:45:53.532Z",
        "user": [
            "surajksingh2009@gmail.com"
        ],
        "content_type": [
            "bookloan",
            "bookloan"
        ],
        "object_id": "58",
        "object_repr": "st",
        "action_flag": 3,
        "change_message": ""
    }
},
{
    "model": "admin.logentry",
    "pk": 183,
    "fields": {
        "action_time": "2022-09-19T17:45:53.539Z",
        "user": [
            "surajksingh2009@gmail.com"
        ],
        "content_type": [
            "bookloan",
            "bookloan"
        ],
        "object_id": "57",
        "object_repr": "d",
        "action_flag": 3,
        "change_message": ""
    }
},
{
    "model": "admin.logentry",
    "pk": 184,
    "fields": {
        "action_time": "2022-09-19T17:45:53.547Z",
        "user": [
            "surajksingh2009@gmail.com"
        ],
        "content_type": [
            "bookloan",
            "bookloan"
        ],
        "object_id": "56",
        "object_repr": "deepak",
        "action_flag": 3,
        "change_message": ""
    }
},
{
    "model": "admin.logentry",
    "pk": 185,
    "fields": {
        "action_time": "2022-09-19T17:45:53.556Z",
        "user": [
            "surajksingh2009@gmail.com"
        ],
        "content_type": [
            "bookloan",
            "bookloan"
        ],
        "object_id": "55",
        "object_repr": "pushkar",
        "action_flag": 3,
        "change_message": ""
    }
},
{
    "model": "admin.logentry",
    "pk": 186,
    "fields": {
        "action_time": "2022-09-19T17:45:53.564Z",
        "user": [
            "surajksingh2009@gmail.com"
        ],
        "content_type": [
            "bookloan",
            "bookloan"
        ],
        "object_id": "54",
        "object_repr": "kalI",
        "action_flag": 3,
        "change_message": ""
    }
},
{
    "model": "admin.logentry",
    "pk": 187,
    "fields": {
        "action_time": "2022-09-19T17:45:53.573Z",
        "user": [
            "surajksingh2009@gmail.com"
        ],
        "content_type": [
            "bookloan",
            "bookloan"
        ],
        "object_id": "53",
        "object_repr": "raj",
        "action_flag": 3,
        "change_message": ""
    }
},
{
    "model": "admin.logentry",
    "pk": 188,
    "fields": {
        "action_time": "2022-09-19T17:45:53.580Z",
        "user": [
            "surajksingh2009@gmail.com"
        ],
        "content_type": [
            "bookloan",
            "bookloan"
        ],
        "object_id": "52",
        "object_repr": "pallavi",
        "action_flag": 3,
        "change_message": ""
    }
},
{
    "model": "admin.logentry",
    "pk": 189,
    "fields": {
        "action_time": "2022-09-19T17:46:09.181Z",
        "user": [
            "surajksingh2009@gmail.com"
        ],
        "content_type": [
            "bookloan",
            "bookloan"
        ],
        "object_id": "51",
        "object_repr": "pallavi",
        "action_flag": 3,
        "change_message": ""
    }
},
{
    "model": "admin.logentry",
    "pk": 190,
    "fields": {
        "action_time": "2022-09-19T17:46:09.191Z",
        "user": [
            "surajksingh2009@gmail.com"
        ],
        "content_type": [
            "bookloan",
            "bookloan"
        ],
        "object_id": "50",
        "object_repr": "k",
        "action_flag": 3,
        "change_message": ""
    }
},
{
    "model": "admin.logentry",
    "pk": 191,
    "fields": {
        "action_time": "2022-09-19T17:46:09.200Z",
        "user": [
            "surajksingh2009@gmail.com"
        ],
        "content_type": [
            "bookloan",
            "bookloan"
        ],
        "object_id": "49",
        "object_repr": "k",
        "action_flag": 3,
        "change_message": ""
    }
},
{
    "model": "admin.logentry",
    "pk": 192,
    "fields": {
        "action_time": "2022-09-19T17:46:09.209Z",
        "user": [
            "surajksingh2009@gmail.com"
        ],
        "content_type": [
            "bookloan",
            "bookloan"
        ],
        "object_id": "48",
        "object_repr": "k",
        "action_flag": 3,
        "change_message": ""
    }
},
{
    "model": "admin.logentry",
    "pk": 193,
    "fields": {
        "action_time": "2022-09-19T17:46:09.217Z",
        "user": [
            "surajksingh2009@gmail.com"
        ],
        "content_type": [
            "bookloan",
            "bookloan"
        ],
        "object_id": "47",
        "object_repr": "j",
        "action_flag": 3,
        "change_message": ""
    }
},
{
    "model": "admin.logentry",
    "pk": 194,
    "fields": {
        "action_time": "2022-09-19T17:46:09.224Z",
        "user": [
            "surajksingh2009@gmail.com"
        ],
        "content_type": [
            "bookloan",
            "bookloan"
        ],
        "object_id": "46",
        "object_repr": "hello",
        "action_flag": 3,
        "change_message": ""
    }
},
{
    "model": "admin.logentry",
    "pk": 195,
    "fields": {
        "action_time": "2022-09-19T17:46:09.233Z",
        "user": [
            "surajksingh2009@gmail.com"
        ],
        "content_type": [
            "bookloan",
            "bookloan"
        ],
        "object_id": "45",
        "object_repr": "jo",
        "action_flag": 3,
        "change_message": ""
    }
},
{
    "model": "admin.logentry",
    "pk": 196,
    "fields": {
        "action_time": "2022-09-19T17:46:09.242Z",
        "user": [
            "surajksingh2009@gmail.com"
        ],
        "content_type": [
            "bookloan",
            "bookloan"
        ],
        "object_id": "44",
        "object_repr": "jo",
        "action_flag": 3,
        "change_message": ""
    }
},
{
    "model": "admin.logentry",
    "pk": 197,
    "fields": {
        "action_time": "2022-09-19T17:46:09.249Z",
        "user": [
            "surajksingh2009@gmail.com"
        ],
        "content_type": [
            "bookloan",
            "bookloan"
        ],
        "object_id": "43",
        "object_repr": "rajkumar",
        "action_flag": 3,
        "change_message": ""
    }
},
{
    "model": "admin.logentry",
    "pk": 198,
    "fields": {
        "action_time": "2022-09-19T17:46:09.258Z",
        "user": [
            "surajksingh2009@gmail.com"
        ],
        "content_type": [
            "bookloan",
            "bookloan"
        ],
        "object_id": "42",
        "object_repr": "p",
        "action_flag": 3,
        "change_message": ""
    }
},
{
    "model": "admin.logentry",
    "pk": 199,
    "fields": {
        "action_time": "2022-09-19T17:46:09.265Z",
        "user": [
            "surajksingh2009@gmail.com"
        ],
        "content_type": [
            "bookloan",
            "bookloan"
        ],
        "object_id": "41",
        "object_repr": "p",
        "action_flag": 3,
        "change_message": ""
    }
},
{
    "model": "admin.logentry",
    "pk": 200,
    "fields": {
        "action_time": "2022-09-19T17:46:09.273Z",
        "user": [
            "surajksingh2009@gmail.com"
        ],
        "content_type": [
            "bookloan",
            "bookloan"
        ],
        "object_id": "40",
        "object_repr": "rajeev kumar singh",
        "action_flag": 3,
        "change_message": ""
    }
},
{
    "model": "admin.logentry",
    "pk": 201,
    "fields": {
        "action_time": "2022-09-19T17:46:09.282Z",
        "user": [
            "surajksingh2009@gmail.com"
        ],
        "content_type": [
            "bookloan",
            "bookloan"
        ],
        "object_id": "39",
        "object_repr": "rajeev kumar singh",
        "action_flag": 3,
        "change_message": ""
    }
},
{
    "model": "admin.logentry",
    "pk": 202,
    "fields": {
        "action_time": "2022-09-19T17:46:09.290Z",
        "user": [
            "surajksingh2009@gmail.com"
        ],
        "content_type": [
            "bookloan",
            "bookloan"
        ],
        "object_id": "38",
        "object_repr": "rajeev kumar singh",
        "action_flag": 3,
        "change_message": ""
    }
},
{
    "model": "admin.logentry",
    "pk": 203,
    "fields": {
        "action_time": "2022-09-19T17:46:09.298Z",
        "user": [
            "surajksingh2009@gmail.com"
        ],
        "content_type": [
            "bookloan",
            "bookloan"
        ],
        "object_id": "37",
        "object_repr": "ravi",
        "action_flag": 3,
        "change_message": ""
    }
},
{
    "model": "admin.logentry",
    "pk": 204,
    "fields": {
        "action_time": "2022-09-19T17:46:09.307Z",
        "user": [
            "surajksingh2009@gmail.com"
        ],
        "content_type": [
            "bookloan",
            "bookloan"
        ],
        "object_id": "36",
        "object_repr": "ravi",
        "action_flag": 3,
        "change_message": ""
    }
},
{
    "model": "admin.logentry",
    "pk": 205,
    "fields": {
        "action_time": "2022-09-19T17:46:09.314Z",
        "user": [
            "surajksingh2009@gmail.com"
        ],
        "content_type": [
            "bookloan",
            "bookloan"
        ],
        "object_id": "35",
        "object_repr": "ravi",
        "action_flag": 3,
        "change_message": ""
    }
},
{
    "model": "admin.logentry",
    "pk": 206,
    "fields": {
        "action_time": "2022-09-19T17:46:09.321Z",
        "user": [
            "surajksingh2009@gmail.com"
        ],
        "content_type": [
            "bookloan",
            "bookloan"
        ],
        "object_id": "34",
        "object_repr": "ravi",
        "action_flag": 3,
        "change_message": ""
    }
},
{
    "model": "admin.logentry",
    "pk": 207,
    "fields": {
        "action_time": "2022-09-19T17:46:09.330Z",
        "user": [
            "surajksingh2009@gmail.com"
        ],
        "content_type": [
            "bookloan",
            "bookloan"
        ],
        "object_id": "33",
        "object_repr": "ravi",
        "action_flag": 3,
        "change_message": ""
    }
},
{
    "model": "admin.logentry",
    "pk": 208,
    "fields": {
        "action_time": "2022-09-19T17:46:09.343Z",
        "user": [
            "surajksingh2009@gmail.com"
        ],
        "content_type": [
            "bookloan",
            "bookloan"
        ],
        "object_id": "32",
        "object_repr": "ravi",
        "action_flag": 3,
        "change_message": ""
    }
},
{
    "model": "admin.logentry",
    "pk": 209,
    "fields": {
        "action_time": "2022-09-19T17:46:17.992Z",
        "user": [
            "surajksingh2009@gmail.com"
        ],
        "content_type": [
            "bookloan",
            "bookloan"
        ],
        "object_id": "31",
        "object_repr": "ravi",
        "action_flag": 3,
        "change_message": ""
    }
},
{
    "model": "admin.logentry",
    "pk": 210,
    "fields": {
        "action_time": "2022-09-19T17:46:18.002Z",
        "user": [
            "surajksingh2009@gmail.com"
        ],
        "content_type": [
            "bookloan",
            "bookloan"
        ],
        "object_id": "30",
        "object_repr": "ravi",
        "action_flag": 3,
        "change_message": ""
    }
},
{
    "model": "admin.logentry",
    "pk": 211,
    "fields": {
        "action_time": "2022-09-19T17:46:18.009Z",
        "user": [
            "surajksingh2009@gmail.com"
        ],
        "content_type": [
            "bookloan",
            "bookloan"
        ],
        "object_id": "29",
        "object_repr": "suraj",
        "action_flag": 3,
        "change_message": ""
    }
},
{
    "model": "admin.logentry",
    "pk": 212,
    "fields": {
        "action_time": "2022-09-19T17:46:18.018Z",
        "user": [
            "surajksingh2009@gmail.com"
        ],
        "content_type": [
            "bookloan",
            "bookloan"
        ],
        "object_id": "28",
        "object_repr": "suraj",
        "action_flag": 3,
        "change_message": ""
    }
},
{
    "model": "admin.logentry",
    "pk": 213,
    "fields": {
        "action_time": "2022-09-19T17:46:18.026Z",
        "user": [
            "surajksingh2009@gmail.com"
        ],
        "content_type": [
            "bookloan",
            "bookloan"
        ],
        "object_id": "27",
        "object_repr": "suraj",
        "action_flag": 3,
        "change_message": ""
    }
},
{
    "model": "admin.logentry",
    "pk": 214,
    "fields": {
        "action_time": "2022-09-19T17:46:18.034Z",
        "user": [
            "surajksingh2009@gmail.com"
        ],
        "content_type": [
            "bookloan",
            "bookloan"
        ],
        "object_id": "26",
        "object_repr": "suraj",
        "action_flag": 3,
        "change_message": ""
    }
},
{
    "model": "admin.logentry",
    "pk": 215,
    "fields": {
        "action_time": "2022-09-19T17:46:18.042Z",
        "user": [
            "surajksingh2009@gmail.com"
        ],
        "content_type": [
            "bookloan",
            "bookloan"
        ],
        "object_id": "25",
        "object_repr": "suraj",
        "action_flag": 3,
        "change_message": ""
    }
},
{
    "model": "admin.logentry",
    "pk": 216,
    "fields": {
        "action_time": "2022-09-19T17:46:18.063Z",
        "user": [
            "surajksingh2009@gmail.com"
        ],
        "content_type": [
            "bookloan",
            "bookloan"
        ],
        "object_id": "24",
        "object_repr": "suraj",
        "action_flag": 3,
        "change_message": ""
    }
},
{
    "model": "admin.logentry",
    "pk": 217,
    "fields": {
        "action_time": "2022-09-19T17:46:18.071Z",
        "user": [
            "surajksingh2009@gmail.com"
        ],
        "content_type": [
            "bookloan",
            "bookloan"
        ],
        "object_id": "23",
        "object_repr": "suraj",
        "action_flag": 3,
        "change_message": ""
    }
},
{
    "model": "admin.logentry",
    "pk": 218,
    "fields": {
        "action_time": "2022-09-19T17:46:18.080Z",
        "user": [
            "surajksingh2009@gmail.com"
        ],
        "content_type": [
            "bookloan",
            "bookloan"
        ],
        "object_id": "22",
        "object_repr": "suraj",
        "action_flag": 3,
        "change_message": ""
    }
},
{
    "model": "admin.logentry",
    "pk": 219,
    "fields": {
        "action_time": "2022-09-19T17:46:18.087Z",
        "user": [
            "surajksingh2009@gmail.com"
        ],
        "content_type": [
            "bookloan",
            "bookloan"
        ],
        "object_id": "21",
        "object_repr": "suraj",
        "action_flag": 3,
        "change_message": ""
    }
},
{
    "model": "admin.logentry",
    "pk": 220,
    "fields": {
        "action_time": "2022-09-19T17:46:39.344Z",
        "user": [
            "surajksingh2009@gmail.com"
        ],
        "content_type": [
            "carts",
            "cartitem"
        ],
        "object_id": "86",
        "object_repr": "CartItem object (86)",
        "action_flag": 3,
        "change_message": ""
    }
},
{
    "model": "admin.logentry",
    "pk": 221,
    "fields": {
        "action_time": "2022-09-19T17:46:39.356Z",
        "user": [
            "surajksingh2009@gmail.com"
        ],
        "content_type": [
            "carts",
            "cartitem"
        ],
        "object_id": "85",
        "object_repr": "CartItem object (85)",
        "action_flag": 3,
        "change_message": ""
    }
},
{
    "model": "admin.logentry",
    "pk": 222,
    "fields": {
        "action_time": "2022-09-19T17:46:39.365Z",
        "user": [
            "surajksingh2009@gmail.com"
        ],
        "content_type": [
            "carts",
            "cartitem"
        ],
        "object_id": "84",
        "object_repr": "CartItem object (84)",
        "action_flag": 3,
        "change_message": ""
    }
},
{
    "model": "admin.logentry",
    "pk": 223,
    "fields": {
        "action_time": "2022-09-19T17:46:39.374Z",
        "user": [
            "surajksingh2009@gmail.com"
        ],
        "content_type": [
            "carts",
            "cartitem"
        ],
        "object_id": "83",
        "object_repr": "CartItem object (83)",
        "action_flag": 3,
        "change_message": ""
    }
},
{
    "model": "admin.logentry",
    "pk": 224,
    "fields": {
        "action_time": "2022-09-19T17:46:39.383Z",
        "user": [
            "surajksingh2009@gmail.com"
        ],
        "content_type": [
            "carts",
            "cartitem"
        ],
        "object_id": "79",
        "object_repr": "CartItem object (79)",
        "action_flag": 3,
        "change_message": ""
    }
},
{
    "model": "admin.logentry",
    "pk": 225,
    "fields": {
        "action_time": "2022-09-19T17:46:39.390Z",
        "user": [
            "surajksingh2009@gmail.com"
        ],
        "content_type": [
            "carts",
            "cartitem"
        ],
        "object_id": "74",
        "object_repr": "CartItem object (74)",
        "action_flag": 3,
        "change_message": ""
    }
},
{
    "model": "admin.logentry",
    "pk": 226,
    "fields": {
        "action_time": "2022-09-19T17:46:39.398Z",
        "user": [
            "surajksingh2009@gmail.com"
        ],
        "content_type": [
            "carts",
            "cartitem"
        ],
        "object_id": "73",
        "object_repr": "CartItem object (73)",
        "action_flag": 3,
        "change_message": ""
    }
},
{
    "model": "admin.logentry",
    "pk": 227,
    "fields": {
        "action_time": "2022-09-19T17:46:39.407Z",
        "user": [
            "surajksingh2009@gmail.com"
        ],
        "content_type": [
            "carts",
            "cartitem"
        ],
        "object_id": "72",
        "object_repr": "CartItem object (72)",
        "action_flag": 3,
        "change_message": ""
    }
},
{
    "model": "admin.logentry",
    "pk": 228,
    "fields": {
        "action_time": "2022-09-19T17:46:39.414Z",
        "user": [
            "surajksingh2009@gmail.com"
        ],
        "content_type": [
            "carts",
            "cartitem"
        ],
        "object_id": "71",
        "object_repr": "CartItem object (71)",
        "action_flag": 3,
        "change_message": ""
    }
},
{
    "model": "admin.logentry",
    "pk": 229,
    "fields": {
        "action_time": "2022-09-19T17:46:39.423Z",
        "user": [
            "surajksingh2009@gmail.com"
        ],
        "content_type": [
            "carts",
            "cartitem"
        ],
        "object_id": "70",
        "object_repr": "CartItem object (70)",
        "action_flag": 3,
        "change_message": ""
    }
},
{
    "model": "admin.logentry",
    "pk": 230,
    "fields": {
        "action_time": "2022-09-19T17:46:39.429Z",
        "user": [
            "surajksingh2009@gmail.com"
        ],
        "content_type": [
            "carts",
            "cartitem"
        ],
        "object_id": "69",
        "object_repr": "CartItem object (69)",
        "action_flag": 3,
        "change_message": ""
    }
},
{
    "model": "admin.logentry",
    "pk": 231,
    "fields": {
        "action_time": "2022-09-19T17:46:39.433Z",
        "user": [
            "surajksingh2009@gmail.com"
        ],
        "content_type": [
            "carts",
            "cartitem"
        ],
        "object_id": "68",
        "object_repr": "CartItem object (68)",
        "action_flag": 3,
        "change_message": ""
    }
},
{
    "model": "admin.logentry",
    "pk": 232,
    "fields": {
        "action_time": "2022-09-19T17:46:48.924Z",
        "user": [
            "surajksingh2009@gmail.com"
        ],
        "content_type": [
            "carts",
            "cart"
        ],
        "object_id": "57",
        "object_repr": "clbvbx8wf1t4jv16hpnjg3xpyyirfh5u",
        "action_flag": 3,
        "change_message": ""
    }
},
{
    "model": "admin.logentry",
    "pk": 233,
    "fields": {
        "action_time": "2022-09-19T17:46:48.934Z",
        "user": [
            "surajksingh2009@gmail.com"
        ],
        "content_type": [
            "carts",
            "cart"
        ],
        "object_id": "56",
        "object_repr": "dlys0o9nwdc49agliq5l5qfrale11g00",
        "action_flag": 3,
        "change_message": ""
    }
},
{
    "model": "admin.logentry",
    "pk": 234,
    "fields": {
        "action_time": "2022-09-19T17:46:48.945Z",
        "user": [
            "surajksingh2009@gmail.com"
        ],
        "content_type": [
            "carts",
            "cart"
        ],
        "object_id": "55",
        "object_repr": "8lake2xwfuf4kw8y33kgnbq7i9qliwuv",
        "action_flag": 3,
        "change_message": ""
    }
},
{
    "model": "admin.logentry",
    "pk": 235,
    "fields": {
        "action_time": "2022-09-19T17:46:48.954Z",
        "user": [
            "surajksingh2009@gmail.com"
        ],
        "content_type": [
            "carts",
            "cart"
        ],
        "object_id": "54",
        "object_repr": "pxcztqlved655o5ms79l1uiol5x99ljo",
        "action_flag": 3,
        "change_message": ""
    }
},
{
    "model": "admin.logentry",
    "pk": 236,
    "fields": {
        "action_time": "2022-09-19T17:46:48.963Z",
        "user": [
            "surajksingh2009@gmail.com"
        ],
        "content_type": [
            "carts",
            "cart"
        ],
        "object_id": "53",
        "object_repr": "dcqcsbevnkdu3i8fs6iy3gglk04edugh",
        "action_flag": 3,
        "change_message": ""
    }
},
{
    "model": "admin.logentry",
    "pk": 237,
    "fields": {
        "action_time": "2022-09-19T17:46:48.971Z",
        "user": [
            "surajksingh2009@gmail.com"
        ],
        "content_type": [
            "carts",
            "cart"
        ],
        "object_id": "52",
        "object_repr": "aelu58ktfusazxtdmxy103l0sdp21qtt",
        "action_flag": 3,
        "change_message": ""
    }
},
{
    "model": "admin.logentry",
    "pk": 238,
    "fields": {
        "action_time": "2022-09-19T17:46:48.980Z",
        "user": [
            "surajksingh2009@gmail.com"
        ],
        "content_type": [
            "carts",
            "cart"
        ],
        "object_id": "51",
        "object_repr": "os549ba9x8ljw3otpnqw7tozr1tdk98t",
        "action_flag": 3,
        "change_message": ""
    }
},
{
    "model": "admin.logentry",
    "pk": 239,
    "fields": {
        "action_time": "2022-09-19T17:46:48.989Z",
        "user": [
            "surajksingh2009@gmail.com"
        ],
        "content_type": [
            "carts",
            "cart"
        ],
        "object_id": "50",
        "object_repr": "36f9751tfqqe5pmxj5ss7x5wmdyi3ls3",
        "action_flag": 3,
        "change_message": ""
    }
},
{
    "model": "admin.logentry",
    "pk": 240,
    "fields": {
        "action_time": "2022-09-19T17:46:48.998Z",
        "user": [
            "surajksingh2009@gmail.com"
        ],
        "content_type": [
            "carts",
            "cart"
        ],
        "object_id": "49",
        "object_repr": "7gsb4h71uppj5607o39zt296ongeg0rb",
        "action_flag": 3,
        "change_message": ""
    }
},
{
    "model": "admin.logentry",
    "pk": 241,
    "fields": {
        "action_time": "2022-09-19T17:46:49.005Z",
        "user": [
            "surajksingh2009@gmail.com"
        ],
        "content_type": [
            "carts",
            "cart"
        ],
        "object_id": "48",
        "object_repr": "b045001n3ca3jlrvw6n7grsz0tzp3dvs",
        "action_flag": 3,
        "change_message": ""
    }
},
{
    "model": "admin.logentry",
    "pk": 242,
    "fields": {
        "action_time": "2022-09-19T17:46:49.013Z",
        "user": [
            "surajksingh2009@gmail.com"
        ],
        "content_type": [
            "carts",
            "cart"
        ],
        "object_id": "47",
        "object_repr": "suclnrd5qz7gy32u2i6bpz08az6q99xz",
        "action_flag": 3,
        "change_message": ""
    }
},
{
    "model": "admin.logentry",
    "pk": 243,
    "fields": {
        "action_time": "2022-09-19T17:46:49.021Z",
        "user": [
            "surajksingh2009@gmail.com"
        ],
        "content_type": [
            "carts",
            "cart"
        ],
        "object_id": "46",
        "object_repr": "53vyk6q3a4847a6pj76a1ity9bp3h3na",
        "action_flag": 3,
        "change_message": ""
    }
},
{
    "model": "admin.logentry",
    "pk": 244,
    "fields": {
        "action_time": "2022-09-19T17:46:49.028Z",
        "user": [
            "surajksingh2009@gmail.com"
        ],
        "content_type": [
            "carts",
            "cart"
        ],
        "object_id": "45",
        "object_repr": "fp8nd7cyw0kt3ayghpgvjz4245v72i6k",
        "action_flag": 3,
        "change_message": ""
    }
},
{
    "model": "admin.logentry",
    "pk": 245,
    "fields": {
        "action_time": "2022-09-19T17:46:49.035Z",
        "user": [
            "surajksingh2009@gmail.com"
        ],
        "content_type": [
            "carts",
            "cart"
        ],
        "object_id": "44",
        "object_repr": "1gshfn3gpd8srrbd19003mus4d9p88ot",
        "action_flag": 3,
        "change_message": ""
    }
},
{
    "model": "admin.logentry",
    "pk": 246,
    "fields": {
        "action_time": "2022-09-19T17:46:49.041Z",
        "user": [
            "surajksingh2009@gmail.com"
        ],
        "content_type": [
            "carts",
            "cart"
        ],
        "object_id": "43",
        "object_repr": "o89ahnohnz90g6vs14an3dwjb9lcepcs",
        "action_flag": 3,
        "change_message": ""
    }
},
{
    "model": "admin.logentry",
    "pk": 247,
    "fields": {
        "action_time": "2022-09-19T17:46:49.048Z",
        "user": [
            "surajksingh2009@gmail.com"
        ],
        "content_type": [
            "carts",
            "cart"
        ],
        "object_id": "42",
        "object_repr": "frln9gf0bi2akanbz0va4r164goqeknc",
        "action_flag": 3,
        "change_message": ""
    }
},
{
    "model": "admin.logentry",
    "pk": 248,
    "fields": {
        "action_time": "2022-09-19T17:46:49.054Z",
        "user": [
            "surajksingh2009@gmail.com"
        ],
        "content_type": [
            "carts",
            "cart"
        ],
        "object_id": "41",
        "object_repr": "p4i4gjel0heo3k0wiv2c2woyvzhavqyk",
        "action_flag": 3,
        "change_message": ""
    }
},
{
    "model": "admin.logentry",
    "pk": 249,
    "fields": {
        "action_time": "2022-09-19T20:36:36.456Z",
        "user": [
            "surajksingh2009@gmail.com"
        ],
        "content_type": [
            "bookloan",
            "bookloan"
        ],
        "object_id": "1",
        "object_repr": "hey",
        "action_flag": 2,
        "change_message": "[{\"changed\": {\"fields\": [\"Late charge\"]}}]"
    }
},
{
    "model": "admin.logentry",
    "pk": 250,
    "fields": {
        "action_time": "2022-09-19T23:05:01.656Z",
        "user": [
            "surajksingh2009@gmail.com"
        ],
        "content_type": [
            "bookloan",
            "payment"
        ],
        "object_id": "1",
        "object_repr": "59W05708MC385944W",
        "action_flag": 3,
        "change_message": ""
    }
},
{
    "model": "admin.logentry",
    "pk": 251,
    "fields": {
        "action_time": "2022-09-19T23:05:29.799Z",
        "user": [
            "surajksingh2009@gmail.com"
        ],
        "content_type": [
            "bookloan",
            "bookloanbook"
        ],
        "object_id": "23",
        "object_repr": "Database System",
        "action_flag": 3,
        "change_message": ""
    }
},
{
    "model": "admin.logentry",
    "pk": 252,
    "fields": {
        "action_time": "2022-09-19T23:09:01.355Z",
        "user": [
            "surajksingh2009@gmail.com"
        ],
        "content_type": [
            "bookloan",
            "bookloan"
        ],
        "object_id": "1",
        "object_repr": "hey",
        "action_flag": 3,
        "change_message": ""
    }
},
{
    "model": "admin.logentry",
    "pk": 253,
    "fields": {
        "action_time": "2022-09-20T00:27:53.717Z",
        "user": [
            "surajksingh2009@gmail.com"
        ],
        "content_type": [
            "bookstore",
            "book"
        ],
        "object_id": "1",
        "object_repr": "Database System",
        "action_flag": 2,
        "change_message": "[{\"changed\": {\"fields\": [\"Stock\"]}}]"
    }
},
{
    "model": "admin.logentry",
    "pk": 254,
    "fields": {
        "action_time": "2022-09-20T09:51:39.841Z",
        "user": [
            "surajksingh2009@gmail.com"
        ],
        "content_type": [
            "bookloan",
            "payment"
        ],
        "object_id": "7",
        "object_repr": "59T73257690154218",
        "action_flag": 3,
        "change_message": ""
    }
},
{
    "model": "admin.logentry",
    "pk": 255,
    "fields": {
        "action_time": "2022-09-20T09:51:39.849Z",
        "user": [
            "surajksingh2009@gmail.com"
        ],
        "content_type": [
            "bookloan",
            "payment"
        ],
        "object_id": "6",
        "object_repr": "8CJ59245WF849100W",
        "action_flag": 3,
        "change_message": ""
    }
},
{
    "model": "admin.logentry",
    "pk": 256,
    "fields": {
        "action_time": "2022-09-20T09:51:39.856Z",
        "user": [
            "surajksingh2009@gmail.com"
        ],
        "content_type": [
            "bookloan",
            "payment"
        ],
        "object_id": "5",
        "object_repr": "1WM99135VG6317506",
        "action_flag": 3,
        "change_message": ""
    }
},
{
    "model": "admin.logentry",
    "pk": 257,
    "fields": {
        "action_time": "2022-09-20T09:51:39.863Z",
        "user": [
            "surajksingh2009@gmail.com"
        ],
        "content_type": [
            "bookloan",
            "payment"
        ],
        "object_id": "4",
        "object_repr": "0DG26510KH207733W",
        "action_flag": 3,
        "change_message": ""
    }
},
{
    "model": "admin.logentry",
    "pk": 258,
    "fields": {
        "action_time": "2022-09-20T09:51:39.871Z",
        "user": [
            "surajksingh2009@gmail.com"
        ],
        "content_type": [
            "bookloan",
            "payment"
        ],
        "object_id": "3",
        "object_repr": "8PY75918E9103563E",
        "action_flag": 3,
        "change_message": ""
    }
},
{
    "model": "admin.logentry",
    "pk": 259,
    "fields": {
        "action_time": "2022-09-20T09:51:39.878Z",
        "user": [
            "surajksingh2009@gmail.com"
        ],
        "content_type": [
            "bookloan",
            "payment"
        ],
        "object_id": "2",
        "object_repr": "6VA384051X783341E",
        "action_flag": 3,
        "change_message": ""
    }
},
{
    "model": "admin.logentry",
    "pk": 260,
    "fields": {
        "action_time": "2022-09-20T09:51:56.894Z",
        "user": [
            "surajksingh2009@gmail.com"
        ],
        "content_type": [
            "bookloan",
            "bookloan"
        ],
        "object_id": "7",
        "object_repr": "rahul",
        "action_flag": 3,
        "change_message": ""
    }
},
{
    "model": "admin.logentry",
    "pk": 261,
    "fields": {
        "action_time": "2022-09-20T09:51:56.902Z",
        "user": [
            "surajksingh2009@gmail.com"
        ],
        "content_type": [
            "bookloan",
            "bookloan"
        ],
        "object_id": "6",
        "object_repr": "rahul",
        "action_flag": 3,
        "change_message": ""
    }
},
{
    "model": "admin.logentry",
    "pk": 262,
    "fields": {
        "action_time": "2022-09-20T09:51:56.909Z",
        "user": [
            "surajksingh2009@gmail.com"
        ],
        "content_type": [
            "bookloan",
            "bookloan"
        ],
        "object_id": "5",
        "object_repr": "rahul",
        "action_flag": 3,
        "change_message": ""
    }
},
{
    "model": "admin.logentry",
    "pk": 263,
    "fields": {
        "action_time": "2022-09-20T09:51:56.916Z",
        "user": [
            "surajksingh2009@gmail.com"
        ],
        "content_type": [
            "bookloan",
            "bookloan"
        ],
        "object_id": "4",
        "object_repr": "rahul",
        "action_flag": 3,
        "change_message": ""
    }
},
{
    "model": "admin.logentry",
    "pk": 264,
    "fields": {
        "action_time": "2022-09-20T09:51:56.924Z",
        "user": [
            "surajksingh2009@gmail.com"
        ],
        "content_type": [
            "bookloan",
            "bookloan"
        ],
        "object_id": "3",
        "object_repr": "rahul",
        "action_flag": 3,
        "change_message": ""
    }
},
{
    "model": "admin.logentry",
    "pk": 265,
    "fields": {
        "action_time": "2022-09-20T09:51:56.932Z",
        "user": [
            "surajksingh2009@gmail.com"
        ],
        "content_type": [
            "bookloan",
            "bookloan"
        ],
        "object_id": "2",
        "object_repr": "rahul",
        "action_flag": 3,
        "change_message": ""
    }
}
]
